canonical,check_id,status,points,evidence,production_commit,score
https://thechoicervoicer.me/audio-description-voice-over-exercises/,01,Pass,5,Unique intent/canonical map and explicit overlap boundaries in page briefs,7eb775b8afcdab7e2b3826e4162d7707111b42c4,95/100
https://thechoicervoicer.me/audio-description-voice-over-exercises/,02,Pass,5,18 current Web.Cafe query results with source IDs; Ahrefs default exemption,7eb775b8afcdab7e2b3826e4162d7707111b42c4,95/100
https://thechoicervoicer.me/audio-description-voice-over-exercises/,03,Pass,5,Post-live GeFei review; genre-specific guide and visible promise; inference and data gaps disclosed,7eb775b8afcdab7e2b3826e4162d7707111b42c4,95/100
https://thechoicervoicer.me/audio-description-voice-over-exercises/,04,Pass,5,"Six original drills, observable review, rights/privacy/comfort limits; no false automated assessment",7eb775b8afcdab7e2b3826e4162d7707111b42c4,95/100
https://thechoicervoicer.me/audio-description-voice-over-exercises/,05,Pass,5,Unique production Title audited for all 30 locale URLs,7eb775b8afcdab7e2b3826e4162d7707111b42c4,95/100
https://thechoicervoicer.me/audio-description-voice-over-exercises/,06,Pass,5,Unique concrete production Description audited,7eb775b8afcdab7e2b3826e4162d7707111b42c4,95/100
https://thechoicervoicer.me/audio-description-voice-over-exercises/,07,Pass,5,Exactly one source-visible H1,7eb775b8afcdab7e2b3826e4162d7707111b42c4,95/100
https://thechoicervoicer.me/audio-description-voice-over-exercises/,08,Pass,5,"Six specific drill bodies, original example, playback checks and matching FAQ in served HTML",7eb775b8afcdab7e2b3826e4162d7707111b42c4,95/100
https://thechoicervoicer.me/audio-description-voice-over-exercises/,09,Pass,5,Canonical HTTP 200 and self-canonical verified,7eb775b8afcdab7e2b3826e4162d7707111b42c4,95/100
https://thechoicervoicer.me/audio-description-voice-over-exercises/,10,Pass,5,"Index/follow, robots allows crawling",7eb775b8afcdab7e2b3826e4162d7707111b42c4,95/100
https://thechoicervoicer.me/audio-description-voice-over-exercises/,11,Pass,5,Live sitemap 160 URLs with new lastmod 2026-10-02,7eb775b8afcdab7e2b3826e4162d7707111b42c4,95/100
https://thechoicervoicer.me/audio-description-voice-over-exercises/,12,Pass,5,"EN/zh-Hans/x-default and canonical, OG, schema agree",7eb775b8afcdab7e2b3826e4162d7707111b42c4,95/100
https://thechoicervoicer.me/audio-description-voice-over-exercises/,13,Pass,5,Working self-review routine and source-visible original examples,7eb775b8afcdab7e2b3826e4162d7707111b42c4,95/100
https://thechoicervoicer.me/audio-description-voice-over-exercises/,14,Pass,5,Per-route check/reset; full completion; reload/locale persistence; storage-denied boundary tests pass,7eb775b8afcdab7e2b3826e4162d7707111b42c4,95/100
https://thechoicervoicer.me/audio-description-voice-over-exercises/,15,Pass,5,60 production desktop/mobile checks plus targeted final Chinese layout recheck; no overflow/errors; image alt audited,7eb775b8afcdab7e2b3826e4162d7707111b42c4,95/100
https://thechoicervoicer.me/audio-description-voice-over-exercises/,16,Pass,5,Both live homepage source pages contain all 15 inbound links,7eb775b8afcdab7e2b3826e4162d7707111b42c4,95/100
https://thechoicervoicer.me/audio-description-voice-over-exercises/,17,Pass,5,78 unique live internal targets audited; parent and relevant sibling links,7eb775b8afcdab7e2b3826e4162d7707111b42c4,95/100
https://thechoicervoicer.me/audio-description-voice-over-exercises/,18,Pass,5,"Article, BreadcrumbList and FAQPage parse and correspond to visible text",7eb775b8afcdab7e2b3826e4162d7707111b42c4,95/100
https://thechoicervoicer.me/audio-description-voice-over-exercises/,19,Blocked,0,BLOCKED: Every URL has GA4 collect HTTP 204; original Realtime checks used an incorrect account route and returned no backend matches. Corrected route and pagination repair await extension reload/live result; docs/seo/external-checks-2026-10-02.json,7eb775b8afcdab7e2b3826e4162d7707111b42c4,95/100
https://thechoicervoicer.me/audio-description-voice-over-exercises/,20,Pass,5,"Source and Pages commit, exact release, tests, screenshots, contrast and Chinese layout fixes preserved",7eb775b8afcdab7e2b3826e4162d7707111b42c4,95/100
https://thechoicervoicer.me/guided-meditation-voice-exercises/,01,Pass,5,Unique intent/canonical map and explicit overlap boundaries in page briefs,7eb775b8afcdab7e2b3826e4162d7707111b42c4,95/100
https://thechoicervoicer.me/guided-meditation-voice-exercises/,02,Pass,5,18 current Web.Cafe query results with source IDs; Ahrefs default exemption,7eb775b8afcdab7e2b3826e4162d7707111b42c4,95/100
https://thechoicervoicer.me/guided-meditation-voice-exercises/,03,Pass,5,Post-live GeFei review; genre-specific guide and visible promise; inference and data gaps disclosed,7eb775b8afcdab7e2b3826e4162d7707111b42c4,95/100
https://thechoicervoicer.me/guided-meditation-voice-exercises/,04,Pass,5,"Six original drills, observable review, rights/privacy/comfort limits; no false automated assessment",7eb775b8afcdab7e2b3826e4162d7707111b42c4,95/100
https://thechoicervoicer.me/guided-meditation-voice-exercises/,05,Pass,5,Unique production Title audited for all 30 locale URLs,7eb775b8afcdab7e2b3826e4162d7707111b42c4,95/100
https://thechoicervoicer.me/guided-meditation-voice-exercises/,06,Pass,5,Unique concrete production Description audited,7eb775b8afcdab7e2b3826e4162d7707111b42c4,95/100
https://thechoicervoicer.me/guided-meditation-voice-exercises/,07,Pass,5,Exactly one source-visible H1,7eb775b8afcdab7e2b3826e4162d7707111b42c4,95/100
https://thechoicervoicer.me/guided-meditation-voice-exercises/,08,Pass,5,"Six specific drill bodies, original example, playback checks and matching FAQ in served HTML",7eb775b8afcdab7e2b3826e4162d7707111b42c4,95/100
https://thechoicervoicer.me/guided-meditation-voice-exercises/,09,Pass,5,Canonical HTTP 200 and self-canonical verified,7eb775b8afcdab7e2b3826e4162d7707111b42c4,95/100
https://thechoicervoicer.me/guided-meditation-voice-exercises/,10,Pass,5,"Index/follow, robots allows crawling",7eb775b8afcdab7e2b3826e4162d7707111b42c4,95/100
https://thechoicervoicer.me/guided-meditation-voice-exercises/,11,Pass,5,Live sitemap 160 URLs with new lastmod 2026-10-02,7eb775b8afcdab7e2b3826e4162d7707111b42c4,95/100
https://thechoicervoicer.me/guided-meditation-voice-exercises/,12,Pass,5,"EN/zh-Hans/x-default and canonical, OG, schema agree",7eb775b8afcdab7e2b3826e4162d7707111b42c4,95/100
https://thechoicervoicer.me/guided-meditation-voice-exercises/,13,Pass,5,Working self-review routine and source-visible original examples,7eb775b8afcdab7e2b3826e4162d7707111b42c4,95/100
https://thechoicervoicer.me/guided-meditation-voice-exercises/,14,Pass,5,Per-route check/reset; full completion; reload/locale persistence; storage-denied boundary tests pass,7eb775b8afcdab7e2b3826e4162d7707111b42c4,95/100
https://thechoicervoicer.me/guided-meditation-voice-exercises/,15,Pass,5,60 production desktop/mobile checks plus targeted final Chinese layout recheck; no overflow/errors; image alt audited,7eb775b8afcdab7e2b3826e4162d7707111b42c4,95/100
https://thechoicervoicer.me/guided-meditation-voice-exercises/,16,Pass,5,Both live homepage source pages contain all 15 inbound links,7eb775b8afcdab7e2b3826e4162d7707111b42c4,95/100
https://thechoicervoicer.me/guided-meditation-voice-exercises/,17,Pass,5,78 unique live internal targets audited; parent and relevant sibling links,7eb775b8afcdab7e2b3826e4162d7707111b42c4,95/100
https://thechoicervoicer.me/guided-meditation-voice-exercises/,18,Pass,5,"Article, BreadcrumbList and FAQPage parse and correspond to visible text",7eb775b8afcdab7e2b3826e4162d7707111b42c4,95/100
https://thechoicervoicer.me/guided-meditation-voice-exercises/,19,Blocked,0,BLOCKED: Every URL has GA4 collect HTTP 204; original Realtime checks used an incorrect account route and returned no backend matches. Corrected route and pagination repair await extension reload/live result; docs/seo/external-checks-2026-10-02.json,7eb775b8afcdab7e2b3826e4162d7707111b42c4,95/100
https://thechoicervoicer.me/guided-meditation-voice-exercises/,20,Pass,5,"Source and Pages commit, exact release, tests, screenshots, contrast and Chinese layout fixes preserved",7eb775b8afcdab7e2b3826e4162d7707111b42c4,95/100
https://thechoicervoicer.me/ivr-voice-over-exercises/,01,Pass,5,Unique intent/canonical map and explicit overlap boundaries in page briefs,7eb775b8afcdab7e2b3826e4162d7707111b42c4,95/100
https://thechoicervoicer.me/ivr-voice-over-exercises/,02,Pass,5,18 current Web.Cafe query results with source IDs; Ahrefs default exemption,7eb775b8afcdab7e2b3826e4162d7707111b42c4,95/100
https://thechoicervoicer.me/ivr-voice-over-exercises/,03,Pass,5,Post-live GeFei review; genre-specific guide and visible promise; inference and data gaps disclosed,7eb775b8afcdab7e2b3826e4162d7707111b42c4,95/100
https://thechoicervoicer.me/ivr-voice-over-exercises/,04,Pass,5,"Six original drills, observable review, rights/privacy/comfort limits; no false automated assessment",7eb775b8afcdab7e2b3826e4162d7707111b42c4,95/100
https://thechoicervoicer.me/ivr-voice-over-exercises/,05,Pass,5,Unique production Title audited for all 30 locale URLs,7eb775b8afcdab7e2b3826e4162d7707111b42c4,95/100
https://thechoicervoicer.me/ivr-voice-over-exercises/,06,Pass,5,Unique concrete production Description audited,7eb775b8afcdab7e2b3826e4162d7707111b42c4,95/100
https://thechoicervoicer.me/ivr-voice-over-exercises/,07,Pass,5,Exactly one source-visible H1,7eb775b8afcdab7e2b3826e4162d7707111b42c4,95/100
https://thechoicervoicer.me/ivr-voice-over-exercises/,08,Pass,5,"Six specific drill bodies, original example, playback checks and matching FAQ in served HTML",7eb775b8afcdab7e2b3826e4162d7707111b42c4,95/100
https://thechoicervoicer.me/ivr-voice-over-exercises/,09,Pass,5,Canonical HTTP 200 and self-canonical verified,7eb775b8afcdab7e2b3826e4162d7707111b42c4,95/100
https://thechoicervoicer.me/ivr-voice-over-exercises/,10,Pass,5,"Index/follow, robots allows crawling",7eb775b8afcdab7e2b3826e4162d7707111b42c4,95/100
https://thechoicervoicer.me/ivr-voice-over-exercises/,11,Pass,5,Live sitemap 160 URLs with new lastmod 2026-10-02,7eb775b8afcdab7e2b3826e4162d7707111b42c4,95/100
https://thechoicervoicer.me/ivr-voice-over-exercises/,12,Pass,5,"EN/zh-Hans/x-default and canonical, OG, schema agree",7eb775b8afcdab7e2b3826e4162d7707111b42c4,95/100
https://thechoicervoicer.me/ivr-voice-over-exercises/,13,Pass,5,Working self-review routine and source-visible original examples,7eb775b8afcdab7e2b3826e4162d7707111b42c4,95/100
https://thechoicervoicer.me/ivr-voice-over-exercises/,14,Pass,5,Per-route check/reset; full completion; reload/locale persistence; storage-denied boundary tests pass,7eb775b8afcdab7e2b3826e4162d7707111b42c4,95/100
https://thechoicervoicer.me/ivr-voice-over-exercises/,15,Pass,5,60 production desktop/mobile checks plus targeted final Chinese layout recheck; no overflow/errors; image alt audited,7eb775b8afcdab7e2b3826e4162d7707111b42c4,95/100
https://thechoicervoicer.me/ivr-voice-over-exercises/,16,Pass,5,Both live homepage source pages contain all 15 inbound links,7eb775b8afcdab7e2b3826e4162d7707111b42c4,95/100
https://thechoicervoicer.me/ivr-voice-over-exercises/,17,Pass,5,78 unique live internal targets audited; parent and relevant sibling links,7eb775b8afcdab7e2b3826e4162d7707111b42c4,95/100
https://thechoicervoicer.me/ivr-voice-over-exercises/,18,Pass,5,"Article, BreadcrumbList and FAQPage parse and correspond to visible text",7eb775b8afcdab7e2b3826e4162d7707111b42c4,95/100
https://thechoicervoicer.me/ivr-voice-over-exercises/,19,Blocked,0,BLOCKED: Every URL has GA4 collect HTTP 204; original Realtime checks used an incorrect account route and returned no backend matches. Corrected route and pagination repair await extension reload/live result; docs/seo/external-checks-2026-10-02.json,7eb775b8afcdab7e2b3826e4162d7707111b42c4,95/100
https://thechoicervoicer.me/ivr-voice-over-exercises/,20,Pass,5,"Source and Pages commit, exact release, tests, screenshots, contrast and Chinese layout fixes preserved",7eb775b8afcdab7e2b3826e4162d7707111b42c4,95/100
https://thechoicervoicer.me/museum-audio-guide-narration-exercises/,01,Pass,5,Unique intent/canonical map and explicit overlap boundaries in page briefs,7eb775b8afcdab7e2b3826e4162d7707111b42c4,95/100
https://thechoicervoicer.me/museum-audio-guide-narration-exercises/,02,Pass,5,18 current Web.Cafe query results with source IDs; Ahrefs default exemption,7eb775b8afcdab7e2b3826e4162d7707111b42c4,95/100
https://thechoicervoicer.me/museum-audio-guide-narration-exercises/,03,Pass,5,Post-live GeFei review; genre-specific guide and visible promise; inference and data gaps disclosed,7eb775b8afcdab7e2b3826e4162d7707111b42c4,95/100
https://thechoicervoicer.me/museum-audio-guide-narration-exercises/,04,Pass,5,"Six original drills, observable review, rights/privacy/comfort limits; no false automated assessment",7eb775b8afcdab7e2b3826e4162d7707111b42c4,95/100
https://thechoicervoicer.me/museum-audio-guide-narration-exercises/,05,Pass,5,Unique production Title audited for all 30 locale URLs,7eb775b8afcdab7e2b3826e4162d7707111b42c4,95/100
https://thechoicervoicer.me/museum-audio-guide-narration-exercises/,06,Pass,5,Unique concrete production Description audited,7eb775b8afcdab7e2b3826e4162d7707111b42c4,95/100
https://thechoicervoicer.me/museum-audio-guide-narration-exercises/,07,Pass,5,Exactly one source-visible H1,7eb775b8afcdab7e2b3826e4162d7707111b42c4,95/100
https://thechoicervoicer.me/museum-audio-guide-narration-exercises/,08,Pass,5,"Six specific drill bodies, original example, playback checks and matching FAQ in served HTML",7eb775b8afcdab7e2b3826e4162d7707111b42c4,95/100
https://thechoicervoicer.me/museum-audio-guide-narration-exercises/,09,Pass,5,Canonical HTTP 200 and self-canonical verified,7eb775b8afcdab7e2b3826e4162d7707111b42c4,95/100
https://thechoicervoicer.me/museum-audio-guide-narration-exercises/,10,Pass,5,"Index/follow, robots allows crawling",7eb775b8afcdab7e2b3826e4162d7707111b42c4,95/100
https://thechoicervoicer.me/museum-audio-guide-narration-exercises/,11,Pass,5,Live sitemap 160 URLs with new lastmod 2026-10-02,7eb775b8afcdab7e2b3826e4162d7707111b42c4,95/100
https://thechoicervoicer.me/museum-audio-guide-narration-exercises/,12,Pass,5,"EN/zh-Hans/x-default and canonical, OG, schema agree",7eb775b8afcdab7e2b3826e4162d7707111b42c4,95/100
https://thechoicervoicer.me/museum-audio-guide-narration-exercises/,13,Pass,5,Working self-review routine and source-visible original examples,7eb775b8afcdab7e2b3826e4162d7707111b42c4,95/100
https://thechoicervoicer.me/museum-audio-guide-narration-exercises/,14,Pass,5,Per-route check/reset; full completion; reload/locale persistence; storage-denied boundary tests pass,7eb775b8afcdab7e2b3826e4162d7707111b42c4,95/100
https://thechoicervoicer.me/museum-audio-guide-narration-exercises/,15,Pass,5,60 production desktop/mobile checks plus targeted final Chinese layout recheck; no overflow/errors; image alt audited,7eb775b8afcdab7e2b3826e4162d7707111b42c4,95/100
https://thechoicervoicer.me/museum-audio-guide-narration-exercises/,16,Pass,5,Both live homepage source pages contain all 15 inbound links,7eb775b8afcdab7e2b3826e4162d7707111b42c4,95/100
https://thechoicervoicer.me/museum-audio-guide-narration-exercises/,17,Pass,5,78 unique live internal targets audited; parent and relevant sibling links,7eb775b8afcdab7e2b3826e4162d7707111b42c4,95/100
https://thechoicervoicer.me/museum-audio-guide-narration-exercises/,18,Pass,5,"Article, BreadcrumbList and FAQPage parse and correspond to visible text",7eb775b8afcdab7e2b3826e4162d7707111b42c4,95/100
https://thechoicervoicer.me/museum-audio-guide-narration-exercises/,19,Blocked,0,BLOCKED: Every URL has GA4 collect HTTP 204; original Realtime checks used an incorrect account route and returned no backend matches. Corrected route and pagination repair await extension reload/live result; docs/seo/external-checks-2026-10-02.json,7eb775b8afcdab7e2b3826e4162d7707111b42c4,95/100
https://thechoicervoicer.me/museum-audio-guide-narration-exercises/,20,Pass,5,"Source and Pages commit, exact release, tests, screenshots, contrast and Chinese layout fixes preserved",7eb775b8afcdab7e2b3826e4162d7707111b42c4,95/100
https://thechoicervoicer.me/news-reading-voice-exercises/,01,Pass,5,Unique intent/canonical map and explicit overlap boundaries in page briefs,7eb775b8afcdab7e2b3826e4162d7707111b42c4,95/100
https://thechoicervoicer.me/news-reading-voice-exercises/,02,Pass,5,18 current Web.Cafe query results with source IDs; Ahrefs default exemption,7eb775b8afcdab7e2b3826e4162d7707111b42c4,95/100
https://thechoicervoicer.me/news-reading-voice-exercises/,03,Pass,5,Post-live GeFei review; genre-specific guide and visible promise; inference and data gaps disclosed,7eb775b8afcdab7e2b3826e4162d7707111b42c4,95/100
https://thechoicervoicer.me/news-reading-voice-exercises/,04,Pass,5,"Six original drills, observable review, rights/privacy/comfort limits; no false automated assessment",7eb775b8afcdab7e2b3826e4162d7707111b42c4,95/100
https://thechoicervoicer.me/news-reading-voice-exercises/,05,Pass,5,Unique production Title audited for all 30 locale URLs,7eb775b8afcdab7e2b3826e4162d7707111b42c4,95/100
https://thechoicervoicer.me/news-reading-voice-exercises/,06,Pass,5,Unique concrete production Description audited,7eb775b8afcdab7e2b3826e4162d7707111b42c4,95/100
https://thechoicervoicer.me/news-reading-voice-exercises/,07,Pass,5,Exactly one source-visible H1,7eb775b8afcdab7e2b3826e4162d7707111b42c4,95/100
https://thechoicervoicer.me/news-reading-voice-exercises/,08,Pass,5,"Six specific drill bodies, original example, playback checks and matching FAQ in served HTML",7eb775b8afcdab7e2b3826e4162d7707111b42c4,95/100
https://thechoicervoicer.me/news-reading-voice-exercises/,09,Pass,5,Canonical HTTP 200 and self-canonical verified,7eb775b8afcdab7e2b3826e4162d7707111b42c4,95/100
https://thechoicervoicer.me/news-reading-voice-exercises/,10,Pass,5,"Index/follow, robots allows crawling",7eb775b8afcdab7e2b3826e4162d7707111b42c4,95/100
https://thechoicervoicer.me/news-reading-voice-exercises/,11,Pass,5,Live sitemap 160 URLs with new lastmod 2026-10-02,7eb775b8afcdab7e2b3826e4162d7707111b42c4,95/100
https://thechoicervoicer.me/news-reading-voice-exercises/,12,Pass,5,"EN/zh-Hans/x-default and canonical, OG, schema agree",7eb775b8afcdab7e2b3826e4162d7707111b42c4,95/100
https://thechoicervoicer.me/news-reading-voice-exercises/,13,Pass,5,Working self-review routine and source-visible original examples,7eb775b8afcdab7e2b3826e4162d7707111b42c4,95/100
https://thechoicervoicer.me/news-reading-voice-exercises/,14,Pass,5,Per-route check/reset; full completion; reload/locale persistence; storage-denied boundary tests pass,7eb775b8afcdab7e2b3826e4162d7707111b42c4,95/100
https://thechoicervoicer.me/news-reading-voice-exercises/,15,Pass,5,60 production desktop/mobile checks plus targeted final Chinese layout recheck; no overflow/errors; image alt audited,7eb775b8afcdab7e2b3826e4162d7707111b42c4,95/100
https://thechoicervoicer.me/news-reading-voice-exercises/,16,Pass,5,Both live homepage source pages contain all 15 inbound links,7eb775b8afcdab7e2b3826e4162d7707111b42c4,95/100
https://thechoicervoicer.me/news-reading-voice-exercises/,17,Pass,5,78 unique live internal targets audited; parent and relevant sibling links,7eb775b8afcdab7e2b3826e4162d7707111b42c4,95/100
https://thechoicervoicer.me/news-reading-voice-exercises/,18,Pass,5,"Article, BreadcrumbList and FAQPage parse and correspond to visible text",7eb775b8afcdab7e2b3826e4162d7707111b42c4,95/100
https://thechoicervoicer.me/news-reading-voice-exercises/,19,Blocked,0,BLOCKED: Every URL has GA4 collect HTTP 204; original Realtime checks used an incorrect account route and returned no backend matches. Corrected route and pagination repair await extension reload/live result; docs/seo/external-checks-2026-10-02.json,7eb775b8afcdab7e2b3826e4162d7707111b42c4,95/100
https://thechoicervoicer.me/news-reading-voice-exercises/,20,Pass,5,"Source and Pages commit, exact release, tests, screenshots, contrast and Chinese layout fixes preserved",7eb775b8afcdab7e2b3826e4162d7707111b42c4,95/100
https://thechoicervoicer.me/poetry-reading-voice-exercises/,01,Pass,5,Unique intent/canonical map and explicit overlap boundaries in page briefs,7eb775b8afcdab7e2b3826e4162d7707111b42c4,95/100
https://thechoicervoicer.me/poetry-reading-voice-exercises/,02,Pass,5,18 current Web.Cafe query results with source IDs; Ahrefs default exemption,7eb775b8afcdab7e2b3826e4162d7707111b42c4,95/100
https://thechoicervoicer.me/poetry-reading-voice-exercises/,03,Pass,5,Post-live GeFei review; genre-specific guide and visible promise; inference and data gaps disclosed,7eb775b8afcdab7e2b3826e4162d7707111b42c4,95/100
https://thechoicervoicer.me/poetry-reading-voice-exercises/,04,Pass,5,"Six original drills, observable review, rights/privacy/comfort limits; no false automated assessment",7eb775b8afcdab7e2b3826e4162d7707111b42c4,95/100
https://thechoicervoicer.me/poetry-reading-voice-exercises/,05,Pass,5,Unique production Title audited for all 30 locale URLs,7eb775b8afcdab7e2b3826e4162d7707111b42c4,95/100
https://thechoicervoicer.me/poetry-reading-voice-exercises/,06,Pass,5,Unique concrete production Description audited,7eb775b8afcdab7e2b3826e4162d7707111b42c4,95/100
https://thechoicervoicer.me/poetry-reading-voice-exercises/,07,Pass,5,Exactly one source-visible H1,7eb775b8afcdab7e2b3826e4162d7707111b42c4,95/100
https://thechoicervoicer.me/poetry-reading-voice-exercises/,08,Pass,5,"Six specific drill bodies, original example, playback checks and matching FAQ in served HTML",7eb775b8afcdab7e2b3826e4162d7707111b42c4,95/100
https://thechoicervoicer.me/poetry-reading-voice-exercises/,09,Pass,5,Canonical HTTP 200 and self-canonical verified,7eb775b8afcdab7e2b3826e4162d7707111b42c4,95/100
https://thechoicervoicer.me/poetry-reading-voice-exercises/,10,Pass,5,"Index/follow, robots allows crawling",7eb775b8afcdab7e2b3826e4162d7707111b42c4,95/100
https://thechoicervoicer.me/poetry-reading-voice-exercises/,11,Pass,5,Live sitemap 160 URLs with new lastmod 2026-10-02,7eb775b8afcdab7e2b3826e4162d7707111b42c4,95/100
https://thechoicervoicer.me/poetry-reading-voice-exercises/,12,Pass,5,"EN/zh-Hans/x-default and canonical, OG, schema agree",7eb775b8afcdab7e2b3826e4162d7707111b42c4,95/100
https://thechoicervoicer.me/poetry-reading-voice-exercises/,13,Pass,5,Working self-review routine and source-visible original examples,7eb775b8afcdab7e2b3826e4162d7707111b42c4,95/100
https://thechoicervoicer.me/poetry-reading-voice-exercises/,14,Pass,5,Per-route check/reset; full completion; reload/locale persistence; storage-denied boundary tests pass,7eb775b8afcdab7e2b3826e4162d7707111b42c4,95/100
https://thechoicervoicer.me/poetry-reading-voice-exercises/,15,Pass,5,60 production desktop/mobile checks plus targeted final Chinese layout recheck; no overflow/errors; image alt audited,7eb775b8afcdab7e2b3826e4162d7707111b42c4,95/100
https://thechoicervoicer.me/poetry-reading-voice-exercises/,16,Pass,5,Both live homepage source pages contain all 15 inbound links,7eb775b8afcdab7e2b3826e4162d7707111b42c4,95/100
https://thechoicervoicer.me/poetry-reading-voice-exercises/,17,Pass,5,78 unique live internal targets audited; parent and relevant sibling links,7eb775b8afcdab7e2b3826e4162d7707111b42c4,95/100
https://thechoicervoicer.me/poetry-reading-voice-exercises/,18,Pass,5,"Article, BreadcrumbList and FAQPage parse and correspond to visible text",7eb775b8afcdab7e2b3826e4162d7707111b42c4,95/100
https://thechoicervoicer.me/poetry-reading-voice-exercises/,19,Blocked,0,BLOCKED: Every URL has GA4 collect HTTP 204; original Realtime checks used an incorrect account route and returned no backend matches. Corrected route and pagination repair await extension reload/live result; docs/seo/external-checks-2026-10-02.json,7eb775b8afcdab7e2b3826e4162d7707111b42c4,95/100
https://thechoicervoicer.me/poetry-reading-voice-exercises/,20,Pass,5,"Source and Pages commit, exact release, tests, screenshots, contrast and Chinese layout fixes preserved",7eb775b8afcdab7e2b3826e4162d7707111b42c4,95/100
https://thechoicervoicer.me/puppet-voice-acting-exercises/,01,Pass,5,Unique intent/canonical map and explicit overlap boundaries in page briefs,7eb775b8afcdab7e2b3826e4162d7707111b42c4,95/100
https://thechoicervoicer.me/puppet-voice-acting-exercises/,02,Pass,5,18 current Web.Cafe query results with source IDs; Ahrefs default exemption,7eb775b8afcdab7e2b3826e4162d7707111b42c4,95/100
https://thechoicervoicer.me/puppet-voice-acting-exercises/,03,Pass,5,Post-live GeFei review; genre-specific guide and visible promise; inference and data gaps disclosed,7eb775b8afcdab7e2b3826e4162d7707111b42c4,95/100
https://thechoicervoicer.me/puppet-voice-acting-exercises/,04,Pass,5,"Six original drills, observable review, rights/privacy/comfort limits; no false automated assessment",7eb775b8afcdab7e2b3826e4162d7707111b42c4,95/100
https://thechoicervoicer.me/puppet-voice-acting-exercises/,05,Pass,5,Unique production Title audited for all 30 locale URLs,7eb775b8afcdab7e2b3826e4162d7707111b42c4,95/100
https://thechoicervoicer.me/puppet-voice-acting-exercises/,06,Pass,5,Unique concrete production Description audited,7eb775b8afcdab7e2b3826e4162d7707111b42c4,95/100
https://thechoicervoicer.me/puppet-voice-acting-exercises/,07,Pass,5,Exactly one source-visible H1,7eb775b8afcdab7e2b3826e4162d7707111b42c4,95/100
https://thechoicervoicer.me/puppet-voice-acting-exercises/,08,Pass,5,"Six specific drill bodies, original example, playback checks and matching FAQ in served HTML",7eb775b8afcdab7e2b3826e4162d7707111b42c4,95/100
https://thechoicervoicer.me/puppet-voice-acting-exercises/,09,Pass,5,Canonical HTTP 200 and self-canonical verified,7eb775b8afcdab7e2b3826e4162d7707111b42c4,95/100
https://thechoicervoicer.me/puppet-voice-acting-exercises/,10,Pass,5,"Index/follow, robots allows crawling",7eb775b8afcdab7e2b3826e4162d7707111b42c4,95/100
https://thechoicervoicer.me/puppet-voice-acting-exercises/,11,Pass,5,Live sitemap 160 URLs with new lastmod 2026-10-02,7eb775b8afcdab7e2b3826e4162d7707111b42c4,95/100
https://thechoicervoicer.me/puppet-voice-acting-exercises/,12,Pass,5,"EN/zh-Hans/x-default and canonical, OG, schema agree",7eb775b8afcdab7e2b3826e4162d7707111b42c4,95/100
https://thechoicervoicer.me/puppet-voice-acting-exercises/,13,Pass,5,Working self-review routine and source-visible original examples,7eb775b8afcdab7e2b3826e4162d7707111b42c4,95/100
https://thechoicervoicer.me/puppet-voice-acting-exercises/,14,Pass,5,Per-route check/reset; full completion; reload/locale persistence; storage-denied boundary tests pass,7eb775b8afcdab7e2b3826e4162d7707111b42c4,95/100
https://thechoicervoicer.me/puppet-voice-acting-exercises/,15,Pass,5,60 production desktop/mobile checks plus targeted final Chinese layout recheck; no overflow/errors; image alt audited,7eb775b8afcdab7e2b3826e4162d7707111b42c4,95/100
https://thechoicervoicer.me/puppet-voice-acting-exercises/,16,Pass,5,Both live homepage source pages contain all 15 inbound links,7eb775b8afcdab7e2b3826e4162d7707111b42c4,95/100
https://thechoicervoicer.me/puppet-voice-acting-exercises/,17,Pass,5,78 unique live internal targets audited; parent and relevant sibling links,7eb775b8afcdab7e2b3826e4162d7707111b42c4,95/100
https://thechoicervoicer.me/puppet-voice-acting-exercises/,18,Pass,5,"Article, BreadcrumbList and FAQPage parse and correspond to visible text",7eb775b8afcdab7e2b3826e4162d7707111b42c4,95/100
https://thechoicervoicer.me/puppet-voice-acting-exercises/,19,Blocked,0,BLOCKED: Every URL has GA4 collect HTTP 204; original Realtime checks used an incorrect account route and returned no backend matches. Corrected route and pagination repair await extension reload/live result; docs/seo/external-checks-2026-10-02.json,7eb775b8afcdab7e2b3826e4162d7707111b42c4,95/100
https://thechoicervoicer.me/puppet-voice-acting-exercises/,20,Pass,5,"Source and Pages commit, exact release, tests, screenshots, contrast and Chinese layout fixes preserved",7eb775b8afcdab7e2b3826e4162d7707111b42c4,95/100
https://thechoicervoicer.me/storytelling-voice-exercises/,01,Pass,5,Unique intent/canonical map and explicit overlap boundaries in page briefs,7eb775b8afcdab7e2b3826e4162d7707111b42c4,95/100
https://thechoicervoicer.me/storytelling-voice-exercises/,02,Pass,5,18 current Web.Cafe query results with source IDs; Ahrefs default exemption,7eb775b8afcdab7e2b3826e4162d7707111b42c4,95/100
https://thechoicervoicer.me/storytelling-voice-exercises/,03,Pass,5,Post-live GeFei review; genre-specific guide and visible promise; inference and data gaps disclosed,7eb775b8afcdab7e2b3826e4162d7707111b42c4,95/100
https://thechoicervoicer.me/storytelling-voice-exercises/,04,Pass,5,"Six original drills, observable review, rights/privacy/comfort limits; no false automated assessment",7eb775b8afcdab7e2b3826e4162d7707111b42c4,95/100
https://thechoicervoicer.me/storytelling-voice-exercises/,05,Pass,5,Unique production Title audited for all 30 locale URLs,7eb775b8afcdab7e2b3826e4162d7707111b42c4,95/100
https://thechoicervoicer.me/storytelling-voice-exercises/,06,Pass,5,Unique concrete production Description audited,7eb775b8afcdab7e2b3826e4162d7707111b42c4,95/100
https://thechoicervoicer.me/storytelling-voice-exercises/,07,Pass,5,Exactly one source-visible H1,7eb775b8afcdab7e2b3826e4162d7707111b42c4,95/100
https://thechoicervoicer.me/storytelling-voice-exercises/,08,Pass,5,"Six specific drill bodies, original example, playback checks and matching FAQ in served HTML",7eb775b8afcdab7e2b3826e4162d7707111b42c4,95/100
https://thechoicervoicer.me/storytelling-voice-exercises/,09,Pass,5,Canonical HTTP 200 and self-canonical verified,7eb775b8afcdab7e2b3826e4162d7707111b42c4,95/100
https://thechoicervoicer.me/storytelling-voice-exercises/,10,Pass,5,"Index/follow, robots allows crawling",7eb775b8afcdab7e2b3826e4162d7707111b42c4,95/100
https://thechoicervoicer.me/storytelling-voice-exercises/,11,Pass,5,Live sitemap 160 URLs with new lastmod 2026-10-02,7eb775b8afcdab7e2b3826e4162d7707111b42c4,95/100
https://thechoicervoicer.me/storytelling-voice-exercises/,12,Pass,5,"EN/zh-Hans/x-default and canonical, OG, schema agree",7eb775b8afcdab7e2b3826e4162d7707111b42c4,95/100
https://thechoicervoicer.me/storytelling-voice-exercises/,13,Pass,5,Working self-review routine and source-visible original examples,7eb775b8afcdab7e2b3826e4162d7707111b42c4,95/100
https://thechoicervoicer.me/storytelling-voice-exercises/,14,Pass,5,Per-route check/reset; full completion; reload/locale persistence; storage-denied boundary tests pass,7eb775b8afcdab7e2b3826e4162d7707111b42c4,95/100
https://thechoicervoicer.me/storytelling-voice-exercises/,15,Pass,5,60 production desktop/mobile checks plus targeted final Chinese layout recheck; no overflow/errors; image alt audited,7eb775b8afcdab7e2b3826e4162d7707111b42c4,95/100
https://thechoicervoicer.me/storytelling-voice-exercises/,16,Pass,5,Both live homepage source pages contain all 15 inbound links,7eb775b8afcdab7e2b3826e4162d7707111b42c4,95/100
https://thechoicervoicer.me/storytelling-voice-exercises/,17,Pass,5,78 unique live internal targets audited; parent and relevant sibling links,7eb775b8afcdab7e2b3826e4162d7707111b42c4,95/100
https://thechoicervoicer.me/storytelling-voice-exercises/,18,Pass,5,"Article, BreadcrumbList and FAQPage parse and correspond to visible text",7eb775b8afcdab7e2b3826e4162d7707111b42c4,95/100
https://thechoicervoicer.me/storytelling-voice-exercises/,19,Blocked,0,BLOCKED: Every URL has GA4 collect HTTP 204; original Realtime checks used an incorrect account route and returned no backend matches. Corrected route and pagination repair await extension reload/live result; docs/seo/external-checks-2026-10-02.json,7eb775b8afcdab7e2b3826e4162d7707111b42c4,95/100
https://thechoicervoicer.me/storytelling-voice-exercises/,20,Pass,5,"Source and Pages commit, exact release, tests, screenshots, contrast and Chinese layout fixes preserved",7eb775b8afcdab7e2b3826e4162d7707111b42c4,95/100
https://thechoicervoicer.me/telephone-acting-exercises/,01,Pass,5,Unique intent/canonical map and explicit overlap boundaries in page briefs,7eb775b8afcdab7e2b3826e4162d7707111b42c4,95/100
https://thechoicervoicer.me/telephone-acting-exercises/,02,Pass,5,18 current Web.Cafe query results with source IDs; Ahrefs default exemption,7eb775b8afcdab7e2b3826e4162d7707111b42c4,95/100
https://thechoicervoicer.me/telephone-acting-exercises/,03,Pass,5,Post-live GeFei review; genre-specific guide and visible promise; inference and data gaps disclosed,7eb775b8afcdab7e2b3826e4162d7707111b42c4,95/100
https://thechoicervoicer.me/telephone-acting-exercises/,04,Pass,5,"Six original drills, observable review, rights/privacy/comfort limits; no false automated assessment",7eb775b8afcdab7e2b3826e4162d7707111b42c4,95/100
https://thechoicervoicer.me/telephone-acting-exercises/,05,Pass,5,Unique production Title audited for all 30 locale URLs,7eb775b8afcdab7e2b3826e4162d7707111b42c4,95/100
https://thechoicervoicer.me/telephone-acting-exercises/,06,Pass,5,Unique concrete production Description audited,7eb775b8afcdab7e2b3826e4162d7707111b42c4,95/100
https://thechoicervoicer.me/telephone-acting-exercises/,07,Pass,5,Exactly one source-visible H1,7eb775b8afcdab7e2b3826e4162d7707111b42c4,95/100
https://thechoicervoicer.me/telephone-acting-exercises/,08,Pass,5,"Six specific drill bodies, original example, playback checks and matching FAQ in served HTML",7eb775b8afcdab7e2b3826e4162d7707111b42c4,95/100
https://thechoicervoicer.me/telephone-acting-exercises/,09,Pass,5,Canonical HTTP 200 and self-canonical verified,7eb775b8afcdab7e2b3826e4162d7707111b42c4,95/100
https://thechoicervoicer.me/telephone-acting-exercises/,10,Pass,5,"Index/follow, robots allows crawling",7eb775b8afcdab7e2b3826e4162d7707111b42c4,95/100
https://thechoicervoicer.me/telephone-acting-exercises/,11,Pass,5,Live sitemap 160 URLs with new lastmod 2026-10-02,7eb775b8afcdab7e2b3826e4162d7707111b42c4,95/100
https://thechoicervoicer.me/telephone-acting-exercises/,12,Pass,5,"EN/zh-Hans/x-default and canonical, OG, schema agree",7eb775b8afcdab7e2b3826e4162d7707111b42c4,95/100
https://thechoicervoicer.me/telephone-acting-exercises/,13,Pass,5,Working self-review routine and source-visible original examples,7eb775b8afcdab7e2b3826e4162d7707111b42c4,95/100
https://thechoicervoicer.me/telephone-acting-exercises/,14,Pass,5,Per-route check/reset; full completion; reload/locale persistence; storage-denied boundary tests pass,7eb775b8afcdab7e2b3826e4162d7707111b42c4,95/100
https://thechoicervoicer.me/telephone-acting-exercises/,15,Pass,5,60 production desktop/mobile checks plus targeted final Chinese layout recheck; no overflow/errors; image alt audited,7eb775b8afcdab7e2b3826e4162d7707111b42c4,95/100
https://thechoicervoicer.me/telephone-acting-exercises/,16,Pass,5,Both live homepage source pages contain all 15 inbound links,7eb775b8afcdab7e2b3826e4162d7707111b42c4,95/100
https://thechoicervoicer.me/telephone-acting-exercises/,17,Pass,5,78 unique live internal targets audited; parent and relevant sibling links,7eb775b8afcdab7e2b3826e4162d7707111b42c4,95/100
https://thechoicervoicer.me/telephone-acting-exercises/,18,Pass,5,"Article, BreadcrumbList and FAQPage parse and correspond to visible text",7eb775b8afcdab7e2b3826e4162d7707111b42c4,95/100
https://thechoicervoicer.me/telephone-acting-exercises/,19,Blocked,0,BLOCKED: Every URL has GA4 collect HTTP 204; original Realtime checks used an incorrect account route and returned no backend matches. Corrected route and pagination repair await extension reload/live result; docs/seo/external-checks-2026-10-02.json,7eb775b8afcdab7e2b3826e4162d7707111b42c4,95/100
https://thechoicervoicer.me/telephone-acting-exercises/,20,Pass,5,"Source and Pages commit, exact release, tests, screenshots, contrast and Chinese layout fixes preserved",7eb775b8afcdab7e2b3826e4162d7707111b42c4,95/100
https://thechoicervoicer.me/tour-guide-voice-exercises/,01,Pass,5,Unique intent/canonical map and explicit overlap boundaries in page briefs,7eb775b8afcdab7e2b3826e4162d7707111b42c4,95/100
https://thechoicervoicer.me/tour-guide-voice-exercises/,02,Pass,5,18 current Web.Cafe query results with source IDs; Ahrefs default exemption,7eb775b8afcdab7e2b3826e4162d7707111b42c4,95/100
https://thechoicervoicer.me/tour-guide-voice-exercises/,03,Pass,5,Post-live GeFei review; genre-specific guide and visible promise; inference and data gaps disclosed,7eb775b8afcdab7e2b3826e4162d7707111b42c4,95/100
https://thechoicervoicer.me/tour-guide-voice-exercises/,04,Pass,5,"Six original drills, observable review, rights/privacy/comfort limits; no false automated assessment",7eb775b8afcdab7e2b3826e4162d7707111b42c4,95/100
https://thechoicervoicer.me/tour-guide-voice-exercises/,05,Pass,5,Unique production Title audited for all 30 locale URLs,7eb775b8afcdab7e2b3826e4162d7707111b42c4,95/100
https://thechoicervoicer.me/tour-guide-voice-exercises/,06,Pass,5,Unique concrete production Description audited,7eb775b8afcdab7e2b3826e4162d7707111b42c4,95/100
https://thechoicervoicer.me/tour-guide-voice-exercises/,07,Pass,5,Exactly one source-visible H1,7eb775b8afcdab7e2b3826e4162d7707111b42c4,95/100
https://thechoicervoicer.me/tour-guide-voice-exercises/,08,Pass,5,"Six specific drill bodies, original example, playback checks and matching FAQ in served HTML",7eb775b8afcdab7e2b3826e4162d7707111b42c4,95/100
https://thechoicervoicer.me/tour-guide-voice-exercises/,09,Pass,5,Canonical HTTP 200 and self-canonical verified,7eb775b8afcdab7e2b3826e4162d7707111b42c4,95/100
https://thechoicervoicer.me/tour-guide-voice-exercises/,10,Pass,5,"Index/follow, robots allows crawling",7eb775b8afcdab7e2b3826e4162d7707111b42c4,95/100
https://thechoicervoicer.me/tour-guide-voice-exercises/,11,Pass,5,Live sitemap 160 URLs with new lastmod 2026-10-02,7eb775b8afcdab7e2b3826e4162d7707111b42c4,95/100
https://thechoicervoicer.me/tour-guide-voice-exercises/,12,Pass,5,"EN/zh-Hans/x-default and canonical, OG, schema agree",7eb775b8afcdab7e2b3826e4162d7707111b42c4,95/100
https://thechoicervoicer.me/tour-guide-voice-exercises/,13,Pass,5,Working self-review routine and source-visible original examples,7eb775b8afcdab7e2b3826e4162d7707111b42c4,95/100
https://thechoicervoicer.me/tour-guide-voice-exercises/,14,Pass,5,Per-route check/reset; full completion; reload/locale persistence; storage-denied boundary tests pass,7eb775b8afcdab7e2b3826e4162d7707111b42c4,95/100
https://thechoicervoicer.me/tour-guide-voice-exercises/,15,Pass,5,60 production desktop/mobile checks plus targeted final Chinese layout recheck; no overflow/errors; image alt audited,7eb775b8afcdab7e2b3826e4162d7707111b42c4,95/100
https://thechoicervoicer.me/tour-guide-voice-exercises/,16,Pass,5,Both live homepage source pages contain all 15 inbound links,7eb775b8afcdab7e2b3826e4162d7707111b42c4,95/100
https://thechoicervoicer.me/tour-guide-voice-exercises/,17,Pass,5,78 unique live internal targets audited; parent and relevant sibling links,7eb775b8afcdab7e2b3826e4162d7707111b42c4,95/100
https://thechoicervoicer.me/tour-guide-voice-exercises/,18,Pass,5,"Article, BreadcrumbList and FAQPage parse and correspond to visible text",7eb775b8afcdab7e2b3826e4162d7707111b42c4,95/100
https://thechoicervoicer.me/tour-guide-voice-exercises/,19,Blocked,0,BLOCKED: Every URL has GA4 collect HTTP 204; original Realtime checks used an incorrect account route and returned no backend matches. Corrected route and pagination repair await extension reload/live result; docs/seo/external-checks-2026-10-02.json,7eb775b8afcdab7e2b3826e4162d7707111b42c4,95/100
https://thechoicervoicer.me/tour-guide-voice-exercises/,20,Pass,5,"Source and Pages commit, exact release, tests, screenshots, contrast and Chinese layout fixes preserved",7eb775b8afcdab7e2b3826e4162d7707111b42c4,95/100
https://thechoicervoicer.me/trailer-narration-exercises/,01,Pass,5,Unique intent/canonical map and explicit overlap boundaries in page briefs,7eb775b8afcdab7e2b3826e4162d7707111b42c4,95/100
https://thechoicervoicer.me/trailer-narration-exercises/,02,Pass,5,18 current Web.Cafe query results with source IDs; Ahrefs default exemption,7eb775b8afcdab7e2b3826e4162d7707111b42c4,95/100
https://thechoicervoicer.me/trailer-narration-exercises/,03,Pass,5,Post-live GeFei review; genre-specific guide and visible promise; inference and data gaps disclosed,7eb775b8afcdab7e2b3826e4162d7707111b42c4,95/100
https://thechoicervoicer.me/trailer-narration-exercises/,04,Pass,5,"Six original drills, observable review, rights/privacy/comfort limits; no false automated assessment",7eb775b8afcdab7e2b3826e4162d7707111b42c4,95/100
https://thechoicervoicer.me/trailer-narration-exercises/,05,Pass,5,Unique production Title audited for all 30 locale URLs,7eb775b8afcdab7e2b3826e4162d7707111b42c4,95/100
https://thechoicervoicer.me/trailer-narration-exercises/,06,Pass,5,Unique concrete production Description audited,7eb775b8afcdab7e2b3826e4162d7707111b42c4,95/100
https://thechoicervoicer.me/trailer-narration-exercises/,07,Pass,5,Exactly one source-visible H1,7eb775b8afcdab7e2b3826e4162d7707111b42c4,95/100
https://thechoicervoicer.me/trailer-narration-exercises/,08,Pass,5,"Six specific drill bodies, original example, playback checks and matching FAQ in served HTML",7eb775b8afcdab7e2b3826e4162d7707111b42c4,95/100
https://thechoicervoicer.me/trailer-narration-exercises/,09,Pass,5,Canonical HTTP 200 and self-canonical verified,7eb775b8afcdab7e2b3826e4162d7707111b42c4,95/100
https://thechoicervoicer.me/trailer-narration-exercises/,10,Pass,5,"Index/follow, robots allows crawling",7eb775b8afcdab7e2b3826e4162d7707111b42c4,95/100
https://thechoicervoicer.me/trailer-narration-exercises/,11,Pass,5,Live sitemap 160 URLs with new lastmod 2026-10-02,7eb775b8afcdab7e2b3826e4162d7707111b42c4,95/100
https://thechoicervoicer.me/trailer-narration-exercises/,12,Pass,5,"EN/zh-Hans/x-default and canonical, OG, schema agree",7eb775b8afcdab7e2b3826e4162d7707111b42c4,95/100
https://thechoicervoicer.me/trailer-narration-exercises/,13,Pass,5,Working self-review routine and source-visible original examples,7eb775b8afcdab7e2b3826e4162d7707111b42c4,95/100
https://thechoicervoicer.me/trailer-narration-exercises/,14,Pass,5,Per-route check/reset; full completion; reload/locale persistence; storage-denied boundary tests pass,7eb775b8afcdab7e2b3826e4162d7707111b42c4,95/100
https://thechoicervoicer.me/trailer-narration-exercises/,15,Pass,5,60 production desktop/mobile checks plus targeted final Chinese layout recheck; no overflow/errors; image alt audited,7eb775b8afcdab7e2b3826e4162d7707111b42c4,95/100
https://thechoicervoicer.me/trailer-narration-exercises/,16,Pass,5,Both live homepage source pages contain all 15 inbound links,7eb775b8afcdab7e2b3826e4162d7707111b42c4,95/100
https://thechoicervoicer.me/trailer-narration-exercises/,17,Pass,5,78 unique live internal targets audited; parent and relevant sibling links,7eb775b8afcdab7e2b3826e4162d7707111b42c4,95/100
https://thechoicervoicer.me/trailer-narration-exercises/,18,Pass,5,"Article, BreadcrumbList and FAQPage parse and correspond to visible text",7eb775b8afcdab7e2b3826e4162d7707111b42c4,95/100
https://thechoicervoicer.me/trailer-narration-exercises/,19,Blocked,0,BLOCKED: Every URL has GA4 collect HTTP 204; original Realtime checks used an incorrect account route and returned no backend matches. Corrected route and pagination repair await extension reload/live result; docs/seo/external-checks-2026-10-02.json,7eb775b8afcdab7e2b3826e4162d7707111b42c4,95/100
https://thechoicervoicer.me/trailer-narration-exercises/,20,Pass,5,"Source and Pages commit, exact release, tests, screenshots, contrast and Chinese layout fixes preserved",7eb775b8afcdab7e2b3826e4162d7707111b42c4,95/100
https://thechoicervoicer.me/voice-acting-plosive-exercises/,01,Pass,5,Unique intent/canonical map and explicit overlap boundaries in page briefs,7eb775b8afcdab7e2b3826e4162d7707111b42c4,95/100
https://thechoicervoicer.me/voice-acting-plosive-exercises/,02,Pass,5,18 current Web.Cafe query results with source IDs; Ahrefs default exemption,7eb775b8afcdab7e2b3826e4162d7707111b42c4,95/100
https://thechoicervoicer.me/voice-acting-plosive-exercises/,03,Pass,5,Post-live GeFei review; genre-specific guide and visible promise; inference and data gaps disclosed,7eb775b8afcdab7e2b3826e4162d7707111b42c4,95/100
https://thechoicervoicer.me/voice-acting-plosive-exercises/,04,Pass,5,"Six original drills, observable review, rights/privacy/comfort limits; no false automated assessment",7eb775b8afcdab7e2b3826e4162d7707111b42c4,95/100
https://thechoicervoicer.me/voice-acting-plosive-exercises/,05,Pass,5,Unique production Title audited for all 30 locale URLs,7eb775b8afcdab7e2b3826e4162d7707111b42c4,95/100
https://thechoicervoicer.me/voice-acting-plosive-exercises/,06,Pass,5,Unique concrete production Description audited,7eb775b8afcdab7e2b3826e4162d7707111b42c4,95/100
https://thechoicervoicer.me/voice-acting-plosive-exercises/,07,Pass,5,Exactly one source-visible H1,7eb775b8afcdab7e2b3826e4162d7707111b42c4,95/100
https://thechoicervoicer.me/voice-acting-plosive-exercises/,08,Pass,5,"Six specific drill bodies, original example, playback checks and matching FAQ in served HTML",7eb775b8afcdab7e2b3826e4162d7707111b42c4,95/100
https://thechoicervoicer.me/voice-acting-plosive-exercises/,09,Pass,5,Canonical HTTP 200 and self-canonical verified,7eb775b8afcdab7e2b3826e4162d7707111b42c4,95/100
https://thechoicervoicer.me/voice-acting-plosive-exercises/,10,Pass,5,"Index/follow, robots allows crawling",7eb775b8afcdab7e2b3826e4162d7707111b42c4,95/100
https://thechoicervoicer.me/voice-acting-plosive-exercises/,11,Pass,5,Live sitemap 160 URLs with new lastmod 2026-10-02,7eb775b8afcdab7e2b3826e4162d7707111b42c4,95/100
https://thechoicervoicer.me/voice-acting-plosive-exercises/,12,Pass,5,"EN/zh-Hans/x-default and canonical, OG, schema agree",7eb775b8afcdab7e2b3826e4162d7707111b42c4,95/100
https://thechoicervoicer.me/voice-acting-plosive-exercises/,13,Pass,5,Working self-review routine and source-visible original examples,7eb775b8afcdab7e2b3826e4162d7707111b42c4,95/100
https://thechoicervoicer.me/voice-acting-plosive-exercises/,14,Pass,5,Per-route check/reset; full completion; reload/locale persistence; storage-denied boundary tests pass,7eb775b8afcdab7e2b3826e4162d7707111b42c4,95/100
https://thechoicervoicer.me/voice-acting-plosive-exercises/,15,Pass,5,60 production desktop/mobile checks plus targeted final Chinese layout recheck; no overflow/errors; image alt audited,7eb775b8afcdab7e2b3826e4162d7707111b42c4,95/100
https://thechoicervoicer.me/voice-acting-plosive-exercises/,16,Pass,5,Both live homepage source pages contain all 15 inbound links,7eb775b8afcdab7e2b3826e4162d7707111b42c4,95/100
https://thechoicervoicer.me/voice-acting-plosive-exercises/,17,Pass,5,78 unique live internal targets audited; parent and relevant sibling links,7eb775b8afcdab7e2b3826e4162d7707111b42c4,95/100
https://thechoicervoicer.me/voice-acting-plosive-exercises/,18,Pass,5,"Article, BreadcrumbList and FAQPage parse and correspond to visible text",7eb775b8afcdab7e2b3826e4162d7707111b42c4,95/100
https://thechoicervoicer.me/voice-acting-plosive-exercises/,19,Blocked,0,BLOCKED: Every URL has GA4 collect HTTP 204; original Realtime checks used an incorrect account route and returned no backend matches. Corrected route and pagination repair await extension reload/live result; docs/seo/external-checks-2026-10-02.json,7eb775b8afcdab7e2b3826e4162d7707111b42c4,95/100
https://thechoicervoicer.me/voice-acting-plosive-exercises/,20,Pass,5,"Source and Pages commit, exact release, tests, screenshots, contrast and Chinese layout fixes preserved",7eb775b8afcdab7e2b3826e4162d7707111b42c4,95/100
https://thechoicervoicer.me/voice-acting-sibilance-exercises/,01,Pass,5,Unique intent/canonical map and explicit overlap boundaries in page briefs,7eb775b8afcdab7e2b3826e4162d7707111b42c4,95/100
https://thechoicervoicer.me/voice-acting-sibilance-exercises/,02,Pass,5,18 current Web.Cafe query results with source IDs; Ahrefs default exemption,7eb775b8afcdab7e2b3826e4162d7707111b42c4,95/100
https://thechoicervoicer.me/voice-acting-sibilance-exercises/,03,Pass,5,Post-live GeFei review; genre-specific guide and visible promise; inference and data gaps disclosed,7eb775b8afcdab7e2b3826e4162d7707111b42c4,95/100
https://thechoicervoicer.me/voice-acting-sibilance-exercises/,04,Pass,5,"Six original drills, observable review, rights/privacy/comfort limits; no false automated assessment",7eb775b8afcdab7e2b3826e4162d7707111b42c4,95/100
https://thechoicervoicer.me/voice-acting-sibilance-exercises/,05,Pass,5,Unique production Title audited for all 30 locale URLs,7eb775b8afcdab7e2b3826e4162d7707111b42c4,95/100
https://thechoicervoicer.me/voice-acting-sibilance-exercises/,06,Pass,5,Unique concrete production Description audited,7eb775b8afcdab7e2b3826e4162d7707111b42c4,95/100
https://thechoicervoicer.me/voice-acting-sibilance-exercises/,07,Pass,5,Exactly one source-visible H1,7eb775b8afcdab7e2b3826e4162d7707111b42c4,95/100
https://thechoicervoicer.me/voice-acting-sibilance-exercises/,08,Pass,5,"Six specific drill bodies, original example, playback checks and matching FAQ in served HTML",7eb775b8afcdab7e2b3826e4162d7707111b42c4,95/100
https://thechoicervoicer.me/voice-acting-sibilance-exercises/,09,Pass,5,Canonical HTTP 200 and self-canonical verified,7eb775b8afcdab7e2b3826e4162d7707111b42c4,95/100
https://thechoicervoicer.me/voice-acting-sibilance-exercises/,10,Pass,5,"Index/follow, robots allows crawling",7eb775b8afcdab7e2b3826e4162d7707111b42c4,95/100
https://thechoicervoicer.me/voice-acting-sibilance-exercises/,11,Pass,5,Live sitemap 160 URLs with new lastmod 2026-10-02,7eb775b8afcdab7e2b3826e4162d7707111b42c4,95/100
https://thechoicervoicer.me/voice-acting-sibilance-exercises/,12,Pass,5,"EN/zh-Hans/x-default and canonical, OG, schema agree",7eb775b8afcdab7e2b3826e4162d7707111b42c4,95/100
https://thechoicervoicer.me/voice-acting-sibilance-exercises/,13,Pass,5,Working self-review routine and source-visible original examples,7eb775b8afcdab7e2b3826e4162d7707111b42c4,95/100
https://thechoicervoicer.me/voice-acting-sibilance-exercises/,14,Pass,5,Per-route check/reset; full completion; reload/locale persistence; storage-denied boundary tests pass,7eb775b8afcdab7e2b3826e4162d7707111b42c4,95/100
https://thechoicervoicer.me/voice-acting-sibilance-exercises/,15,Pass,5,60 production desktop/mobile checks plus targeted final Chinese layout recheck; no overflow/errors; image alt audited,7eb775b8afcdab7e2b3826e4162d7707111b42c4,95/100
https://thechoicervoicer.me/voice-acting-sibilance-exercises/,16,Pass,5,Both live homepage source pages contain all 15 inbound links,7eb775b8afcdab7e2b3826e4162d7707111b42c4,95/100
https://thechoicervoicer.me/voice-acting-sibilance-exercises/,17,Pass,5,78 unique live internal targets audited; parent and relevant sibling links,7eb775b8afcdab7e2b3826e4162d7707111b42c4,95/100
https://thechoicervoicer.me/voice-acting-sibilance-exercises/,18,Pass,5,"Article, BreadcrumbList and FAQPage parse and correspond to visible text",7eb775b8afcdab7e2b3826e4162d7707111b42c4,95/100
https://thechoicervoicer.me/voice-acting-sibilance-exercises/,19,Blocked,0,BLOCKED: Every URL has GA4 collect HTTP 204; original Realtime checks used an incorrect account route and returned no backend matches. Corrected route and pagination repair await extension reload/live result; docs/seo/external-checks-2026-10-02.json,7eb775b8afcdab7e2b3826e4162d7707111b42c4,95/100
https://thechoicervoicer.me/voice-acting-sibilance-exercises/,20,Pass,5,"Source and Pages commit, exact release, tests, screenshots, contrast and Chinese layout fixes preserved",7eb775b8afcdab7e2b3826e4162d7707111b42c4,95/100
https://thechoicervoicer.me/voice-over-pickup-exercises/,01,Pass,5,Unique intent/canonical map and explicit overlap boundaries in page briefs,7eb775b8afcdab7e2b3826e4162d7707111b42c4,95/100
https://thechoicervoicer.me/voice-over-pickup-exercises/,02,Pass,5,18 current Web.Cafe query results with source IDs; Ahrefs default exemption,7eb775b8afcdab7e2b3826e4162d7707111b42c4,95/100
https://thechoicervoicer.me/voice-over-pickup-exercises/,03,Pass,5,Post-live GeFei review; genre-specific guide and visible promise; inference and data gaps disclosed,7eb775b8afcdab7e2b3826e4162d7707111b42c4,95/100
https://thechoicervoicer.me/voice-over-pickup-exercises/,04,Pass,5,"Six original drills, observable review, rights/privacy/comfort limits; no false automated assessment",7eb775b8afcdab7e2b3826e4162d7707111b42c4,95/100
https://thechoicervoicer.me/voice-over-pickup-exercises/,05,Pass,5,Unique production Title audited for all 30 locale URLs,7eb775b8afcdab7e2b3826e4162d7707111b42c4,95/100
https://thechoicervoicer.me/voice-over-pickup-exercises/,06,Pass,5,Unique concrete production Description audited,7eb775b8afcdab7e2b3826e4162d7707111b42c4,95/100
https://thechoicervoicer.me/voice-over-pickup-exercises/,07,Pass,5,Exactly one source-visible H1,7eb775b8afcdab7e2b3826e4162d7707111b42c4,95/100
https://thechoicervoicer.me/voice-over-pickup-exercises/,08,Pass,5,"Six specific drill bodies, original example, playback checks and matching FAQ in served HTML",7eb775b8afcdab7e2b3826e4162d7707111b42c4,95/100
https://thechoicervoicer.me/voice-over-pickup-exercises/,09,Pass,5,Canonical HTTP 200 and self-canonical verified,7eb775b8afcdab7e2b3826e4162d7707111b42c4,95/100
https://thechoicervoicer.me/voice-over-pickup-exercises/,10,Pass,5,"Index/follow, robots allows crawling",7eb775b8afcdab7e2b3826e4162d7707111b42c4,95/100
https://thechoicervoicer.me/voice-over-pickup-exercises/,11,Pass,5,Live sitemap 160 URLs with new lastmod 2026-10-02,7eb775b8afcdab7e2b3826e4162d7707111b42c4,95/100
https://thechoicervoicer.me/voice-over-pickup-exercises/,12,Pass,5,"EN/zh-Hans/x-default and canonical, OG, schema agree",7eb775b8afcdab7e2b3826e4162d7707111b42c4,95/100
https://thechoicervoicer.me/voice-over-pickup-exercises/,13,Pass,5,Working self-review routine and source-visible original examples,7eb775b8afcdab7e2b3826e4162d7707111b42c4,95/100
https://thechoicervoicer.me/voice-over-pickup-exercises/,14,Pass,5,Per-route check/reset; full completion; reload/locale persistence; storage-denied boundary tests pass,7eb775b8afcdab7e2b3826e4162d7707111b42c4,95/100
https://thechoicervoicer.me/voice-over-pickup-exercises/,15,Pass,5,60 production desktop/mobile checks plus targeted final Chinese layout recheck; no overflow/errors; image alt audited,7eb775b8afcdab7e2b3826e4162d7707111b42c4,95/100
https://thechoicervoicer.me/voice-over-pickup-exercises/,16,Pass,5,Both live homepage source pages contain all 15 inbound links,7eb775b8afcdab7e2b3826e4162d7707111b42c4,95/100
https://thechoicervoicer.me/voice-over-pickup-exercises/,17,Pass,5,78 unique live internal targets audited; parent and relevant sibling links,7eb775b8afcdab7e2b3826e4162d7707111b42c4,95/100
https://thechoicervoicer.me/voice-over-pickup-exercises/,18,Pass,5,"Article, BreadcrumbList and FAQPage parse and correspond to visible text",7eb775b8afcdab7e2b3826e4162d7707111b42c4,95/100
https://thechoicervoicer.me/voice-over-pickup-exercises/,19,Blocked,0,BLOCKED: Every URL has GA4 collect HTTP 204; original Realtime checks used an incorrect account route and returned no backend matches. Corrected route and pagination repair await extension reload/live result; docs/seo/external-checks-2026-10-02.json,7eb775b8afcdab7e2b3826e4162d7707111b42c4,95/100
https://thechoicervoicer.me/voice-over-pickup-exercises/,20,Pass,5,"Source and Pages commit, exact release, tests, screenshots, contrast and Chinese layout fixes preserved",7eb775b8afcdab7e2b3826e4162d7707111b42c4,95/100
https://thechoicervoicer.me/voicemail-greeting-voice-exercises/,01,Pass,5,Unique intent/canonical map and explicit overlap boundaries in page briefs,7eb775b8afcdab7e2b3826e4162d7707111b42c4,95/100
https://thechoicervoicer.me/voicemail-greeting-voice-exercises/,02,Pass,5,18 current Web.Cafe query results with source IDs; Ahrefs default exemption,7eb775b8afcdab7e2b3826e4162d7707111b42c4,95/100
https://thechoicervoicer.me/voicemail-greeting-voice-exercises/,03,Pass,5,Post-live GeFei review; genre-specific guide and visible promise; inference and data gaps disclosed,7eb775b8afcdab7e2b3826e4162d7707111b42c4,95/100
https://thechoicervoicer.me/voicemail-greeting-voice-exercises/,04,Pass,5,"Six original drills, observable review, rights/privacy/comfort limits; no false automated assessment",7eb775b8afcdab7e2b3826e4162d7707111b42c4,95/100
https://thechoicervoicer.me/voicemail-greeting-voice-exercises/,05,Pass,5,Unique production Title audited for all 30 locale URLs,7eb775b8afcdab7e2b3826e4162d7707111b42c4,95/100
https://thechoicervoicer.me/voicemail-greeting-voice-exercises/,06,Pass,5,Unique concrete production Description audited,7eb775b8afcdab7e2b3826e4162d7707111b42c4,95/100
https://thechoicervoicer.me/voicemail-greeting-voice-exercises/,07,Pass,5,Exactly one source-visible H1,7eb775b8afcdab7e2b3826e4162d7707111b42c4,95/100
https://thechoicervoicer.me/voicemail-greeting-voice-exercises/,08,Pass,5,"Six specific drill bodies, original example, playback checks and matching FAQ in served HTML",7eb775b8afcdab7e2b3826e4162d7707111b42c4,95/100
https://thechoicervoicer.me/voicemail-greeting-voice-exercises/,09,Pass,5,Canonical HTTP 200 and self-canonical verified,7eb775b8afcdab7e2b3826e4162d7707111b42c4,95/100
https://thechoicervoicer.me/voicemail-greeting-voice-exercises/,10,Pass,5,"Index/follow, robots allows crawling",7eb775b8afcdab7e2b3826e4162d7707111b42c4,95/100
https://thechoicervoicer.me/voicemail-greeting-voice-exercises/,11,Pass,5,Live sitemap 160 URLs with new lastmod 2026-10-02,7eb775b8afcdab7e2b3826e4162d7707111b42c4,95/100
https://thechoicervoicer.me/voicemail-greeting-voice-exercises/,12,Pass,5,"EN/zh-Hans/x-default and canonical, OG, schema agree",7eb775b8afcdab7e2b3826e4162d7707111b42c4,95/100
https://thechoicervoicer.me/voicemail-greeting-voice-exercises/,13,Pass,5,Working self-review routine and source-visible original examples,7eb775b8afcdab7e2b3826e4162d7707111b42c4,95/100
https://thechoicervoicer.me/voicemail-greeting-voice-exercises/,14,Pass,5,Per-route check/reset; full completion; reload/locale persistence; storage-denied boundary tests pass,7eb775b8afcdab7e2b3826e4162d7707111b42c4,95/100
https://thechoicervoicer.me/voicemail-greeting-voice-exercises/,15,Pass,5,60 production desktop/mobile checks plus targeted final Chinese layout recheck; no overflow/errors; image alt audited,7eb775b8afcdab7e2b3826e4162d7707111b42c4,95/100
https://thechoicervoicer.me/voicemail-greeting-voice-exercises/,16,Pass,5,Both live homepage source pages contain all 15 inbound links,7eb775b8afcdab7e2b3826e4162d7707111b42c4,95/100
https://thechoicervoicer.me/voicemail-greeting-voice-exercises/,17,Pass,5,78 unique live internal targets audited; parent and relevant sibling links,7eb775b8afcdab7e2b3826e4162d7707111b42c4,95/100
https://thechoicervoicer.me/voicemail-greeting-voice-exercises/,18,Pass,5,"Article, BreadcrumbList and FAQPage parse and correspond to visible text",7eb775b8afcdab7e2b3826e4162d7707111b42c4,95/100
https://thechoicervoicer.me/voicemail-greeting-voice-exercises/,19,Blocked,0,BLOCKED: Every URL has GA4 collect HTTP 204; original Realtime checks used an incorrect account route and returned no backend matches. Corrected route and pagination repair await extension reload/live result; docs/seo/external-checks-2026-10-02.json,7eb775b8afcdab7e2b3826e4162d7707111b42c4,95/100
https://thechoicervoicer.me/voicemail-greeting-voice-exercises/,20,Pass,5,"Source and Pages commit, exact release, tests, screenshots, contrast and Chinese layout fixes preserved",7eb775b8afcdab7e2b3826e4162d7707111b42c4,95/100
https://thechoicervoicer.me/zh/audio-description-voice-over-exercises/,01,Pass,5,Unique intent/canonical map and explicit overlap boundaries in page briefs,7eb775b8afcdab7e2b3826e4162d7707111b42c4,95/100
https://thechoicervoicer.me/zh/audio-description-voice-over-exercises/,02,Pass,5,18 current Web.Cafe query results with source IDs; Ahrefs default exemption,7eb775b8afcdab7e2b3826e4162d7707111b42c4,95/100
https://thechoicervoicer.me/zh/audio-description-voice-over-exercises/,03,Pass,5,Post-live GeFei review; genre-specific guide and visible promise; inference and data gaps disclosed,7eb775b8afcdab7e2b3826e4162d7707111b42c4,95/100
https://thechoicervoicer.me/zh/audio-description-voice-over-exercises/,04,Pass,5,"Six original drills, observable review, rights/privacy/comfort limits; no false automated assessment",7eb775b8afcdab7e2b3826e4162d7707111b42c4,95/100
https://thechoicervoicer.me/zh/audio-description-voice-over-exercises/,05,Pass,5,Unique production Title audited for all 30 locale URLs,7eb775b8afcdab7e2b3826e4162d7707111b42c4,95/100
https://thechoicervoicer.me/zh/audio-description-voice-over-exercises/,06,Pass,5,Unique concrete production Description audited,7eb775b8afcdab7e2b3826e4162d7707111b42c4,95/100
https://thechoicervoicer.me/zh/audio-description-voice-over-exercises/,07,Pass,5,Exactly one source-visible H1,7eb775b8afcdab7e2b3826e4162d7707111b42c4,95/100
https://thechoicervoicer.me/zh/audio-description-voice-over-exercises/,08,Pass,5,"Six specific drill bodies, original example, playback checks and matching FAQ in served HTML",7eb775b8afcdab7e2b3826e4162d7707111b42c4,95/100
https://thechoicervoicer.me/zh/audio-description-voice-over-exercises/,09,Pass,5,Canonical HTTP 200 and self-canonical verified,7eb775b8afcdab7e2b3826e4162d7707111b42c4,95/100
https://thechoicervoicer.me/zh/audio-description-voice-over-exercises/,10,Pass,5,"Index/follow, robots allows crawling",7eb775b8afcdab7e2b3826e4162d7707111b42c4,95/100
https://thechoicervoicer.me/zh/audio-description-voice-over-exercises/,11,Pass,5,Live sitemap 160 URLs with new lastmod 2026-10-02,7eb775b8afcdab7e2b3826e4162d7707111b42c4,95/100
https://thechoicervoicer.me/zh/audio-description-voice-over-exercises/,12,Pass,5,"EN/zh-Hans/x-default and canonical, OG, schema agree",7eb775b8afcdab7e2b3826e4162d7707111b42c4,95/100
https://thechoicervoicer.me/zh/audio-description-voice-over-exercises/,13,Pass,5,Working self-review routine and source-visible original examples,7eb775b8afcdab7e2b3826e4162d7707111b42c4,95/100
https://thechoicervoicer.me/zh/audio-description-voice-over-exercises/,14,Pass,5,Per-route check/reset; full completion; reload/locale persistence; storage-denied boundary tests pass,7eb775b8afcdab7e2b3826e4162d7707111b42c4,95/100
https://thechoicervoicer.me/zh/audio-description-voice-over-exercises/,15,Pass,5,60 production desktop/mobile checks plus targeted final Chinese layout recheck; no overflow/errors; image alt audited,7eb775b8afcdab7e2b3826e4162d7707111b42c4,95/100
https://thechoicervoicer.me/zh/audio-description-voice-over-exercises/,16,Pass,5,Both live homepage source pages contain all 15 inbound links,7eb775b8afcdab7e2b3826e4162d7707111b42c4,95/100
https://thechoicervoicer.me/zh/audio-description-voice-over-exercises/,17,Pass,5,78 unique live internal targets audited; parent and relevant sibling links,7eb775b8afcdab7e2b3826e4162d7707111b42c4,95/100
https://thechoicervoicer.me/zh/audio-description-voice-over-exercises/,18,Pass,5,"Article, BreadcrumbList and FAQPage parse and correspond to visible text",7eb775b8afcdab7e2b3826e4162d7707111b42c4,95/100
https://thechoicervoicer.me/zh/audio-description-voice-over-exercises/,19,Blocked,0,BLOCKED: Every URL has GA4 collect HTTP 204; original Realtime checks used an incorrect account route and returned no backend matches. Corrected route and pagination repair await extension reload/live result; docs/seo/external-checks-2026-10-02.json,7eb775b8afcdab7e2b3826e4162d7707111b42c4,95/100
https://thechoicervoicer.me/zh/audio-description-voice-over-exercises/,20,Pass,5,"Source and Pages commit, exact release, tests, screenshots, contrast and Chinese layout fixes preserved",7eb775b8afcdab7e2b3826e4162d7707111b42c4,95/100
https://thechoicervoicer.me/zh/guided-meditation-voice-exercises/,01,Pass,5,Unique intent/canonical map and explicit overlap boundaries in page briefs,7eb775b8afcdab7e2b3826e4162d7707111b42c4,95/100
https://thechoicervoicer.me/zh/guided-meditation-voice-exercises/,02,Pass,5,18 current Web.Cafe query results with source IDs; Ahrefs default exemption,7eb775b8afcdab7e2b3826e4162d7707111b42c4,95/100
https://thechoicervoicer.me/zh/guided-meditation-voice-exercises/,03,Pass,5,Post-live GeFei review; genre-specific guide and visible promise; inference and data gaps disclosed,7eb775b8afcdab7e2b3826e4162d7707111b42c4,95/100
https://thechoicervoicer.me/zh/guided-meditation-voice-exercises/,04,Pass,5,"Six original drills, observable review, rights/privacy/comfort limits; no false automated assessment",7eb775b8afcdab7e2b3826e4162d7707111b42c4,95/100
https://thechoicervoicer.me/zh/guided-meditation-voice-exercises/,05,Pass,5,Unique production Title audited for all 30 locale URLs,7eb775b8afcdab7e2b3826e4162d7707111b42c4,95/100
https://thechoicervoicer.me/zh/guided-meditation-voice-exercises/,06,Pass,5,Unique concrete production Description audited,7eb775b8afcdab7e2b3826e4162d7707111b42c4,95/100
https://thechoicervoicer.me/zh/guided-meditation-voice-exercises/,07,Pass,5,Exactly one source-visible H1,7eb775b8afcdab7e2b3826e4162d7707111b42c4,95/100
https://thechoicervoicer.me/zh/guided-meditation-voice-exercises/,08,Pass,5,"Six specific drill bodies, original example, playback checks and matching FAQ in served HTML",7eb775b8afcdab7e2b3826e4162d7707111b42c4,95/100
https://thechoicervoicer.me/zh/guided-meditation-voice-exercises/,09,Pass,5,Canonical HTTP 200 and self-canonical verified,7eb775b8afcdab7e2b3826e4162d7707111b42c4,95/100
https://thechoicervoicer.me/zh/guided-meditation-voice-exercises/,10,Pass,5,"Index/follow, robots allows crawling",7eb775b8afcdab7e2b3826e4162d7707111b42c4,95/100
https://thechoicervoicer.me/zh/guided-meditation-voice-exercises/,11,Pass,5,Live sitemap 160 URLs with new lastmod 2026-10-02,7eb775b8afcdab7e2b3826e4162d7707111b42c4,95/100
https://thechoicervoicer.me/zh/guided-meditation-voice-exercises/,12,Pass,5,"EN/zh-Hans/x-default and canonical, OG, schema agree",7eb775b8afcdab7e2b3826e4162d7707111b42c4,95/100
https://thechoicervoicer.me/zh/guided-meditation-voice-exercises/,13,Pass,5,Working self-review routine and source-visible original examples,7eb775b8afcdab7e2b3826e4162d7707111b42c4,95/100
https://thechoicervoicer.me/zh/guided-meditation-voice-exercises/,14,Pass,5,Per-route check/reset; full completion; reload/locale persistence; storage-denied boundary tests pass,7eb775b8afcdab7e2b3826e4162d7707111b42c4,95/100
https://thechoicervoicer.me/zh/guided-meditation-voice-exercises/,15,Pass,5,60 production desktop/mobile checks plus targeted final Chinese layout recheck; no overflow/errors; image alt audited,7eb775b8afcdab7e2b3826e4162d7707111b42c4,95/100
https://thechoicervoicer.me/zh/guided-meditation-voice-exercises/,16,Pass,5,Both live homepage source pages contain all 15 inbound links,7eb775b8afcdab7e2b3826e4162d7707111b42c4,95/100
https://thechoicervoicer.me/zh/guided-meditation-voice-exercises/,17,Pass,5,78 unique live internal targets audited; parent and relevant sibling links,7eb775b8afcdab7e2b3826e4162d7707111b42c4,95/100
https://thechoicervoicer.me/zh/guided-meditation-voice-exercises/,18,Pass,5,"Article, BreadcrumbList and FAQPage parse and correspond to visible text",7eb775b8afcdab7e2b3826e4162d7707111b42c4,95/100
https://thechoicervoicer.me/zh/guided-meditation-voice-exercises/,19,Blocked,0,BLOCKED: Every URL has GA4 collect HTTP 204; original Realtime checks used an incorrect account route and returned no backend matches. Corrected route and pagination repair await extension reload/live result; docs/seo/external-checks-2026-10-02.json,7eb775b8afcdab7e2b3826e4162d7707111b42c4,95/100
https://thechoicervoicer.me/zh/guided-meditation-voice-exercises/,20,Pass,5,"Source and Pages commit, exact release, tests, screenshots, contrast and Chinese layout fixes preserved",7eb775b8afcdab7e2b3826e4162d7707111b42c4,95/100
https://thechoicervoicer.me/zh/ivr-voice-over-exercises/,01,Pass,5,Unique intent/canonical map and explicit overlap boundaries in page briefs,7eb775b8afcdab7e2b3826e4162d7707111b42c4,95/100
https://thechoicervoicer.me/zh/ivr-voice-over-exercises/,02,Pass,5,18 current Web.Cafe query results with source IDs; Ahrefs default exemption,7eb775b8afcdab7e2b3826e4162d7707111b42c4,95/100
https://thechoicervoicer.me/zh/ivr-voice-over-exercises/,03,Pass,5,Post-live GeFei review; genre-specific guide and visible promise; inference and data gaps disclosed,7eb775b8afcdab7e2b3826e4162d7707111b42c4,95/100
https://thechoicervoicer.me/zh/ivr-voice-over-exercises/,04,Pass,5,"Six original drills, observable review, rights/privacy/comfort limits; no false automated assessment",7eb775b8afcdab7e2b3826e4162d7707111b42c4,95/100
https://thechoicervoicer.me/zh/ivr-voice-over-exercises/,05,Pass,5,Unique production Title audited for all 30 locale URLs,7eb775b8afcdab7e2b3826e4162d7707111b42c4,95/100
https://thechoicervoicer.me/zh/ivr-voice-over-exercises/,06,Pass,5,Unique concrete production Description audited,7eb775b8afcdab7e2b3826e4162d7707111b42c4,95/100
https://thechoicervoicer.me/zh/ivr-voice-over-exercises/,07,Pass,5,Exactly one source-visible H1,7eb775b8afcdab7e2b3826e4162d7707111b42c4,95/100
https://thechoicervoicer.me/zh/ivr-voice-over-exercises/,08,Pass,5,"Six specific drill bodies, original example, playback checks and matching FAQ in served HTML",7eb775b8afcdab7e2b3826e4162d7707111b42c4,95/100
https://thechoicervoicer.me/zh/ivr-voice-over-exercises/,09,Pass,5,Canonical HTTP 200 and self-canonical verified,7eb775b8afcdab7e2b3826e4162d7707111b42c4,95/100
https://thechoicervoicer.me/zh/ivr-voice-over-exercises/,10,Pass,5,"Index/follow, robots allows crawling",7eb775b8afcdab7e2b3826e4162d7707111b42c4,95/100
https://thechoicervoicer.me/zh/ivr-voice-over-exercises/,11,Pass,5,Live sitemap 160 URLs with new lastmod 2026-10-02,7eb775b8afcdab7e2b3826e4162d7707111b42c4,95/100
https://thechoicervoicer.me/zh/ivr-voice-over-exercises/,12,Pass,5,"EN/zh-Hans/x-default and canonical, OG, schema agree",7eb775b8afcdab7e2b3826e4162d7707111b42c4,95/100
https://thechoicervoicer.me/zh/ivr-voice-over-exercises/,13,Pass,5,Working self-review routine and source-visible original examples,7eb775b8afcdab7e2b3826e4162d7707111b42c4,95/100
https://thechoicervoicer.me/zh/ivr-voice-over-exercises/,14,Pass,5,Per-route check/reset; full completion; reload/locale persistence; storage-denied boundary tests pass,7eb775b8afcdab7e2b3826e4162d7707111b42c4,95/100
https://thechoicervoicer.me/zh/ivr-voice-over-exercises/,15,Pass,5,60 production desktop/mobile checks plus targeted final Chinese layout recheck; no overflow/errors; image alt audited,7eb775b8afcdab7e2b3826e4162d7707111b42c4,95/100
https://thechoicervoicer.me/zh/ivr-voice-over-exercises/,16,Pass,5,Both live homepage source pages contain all 15 inbound links,7eb775b8afcdab7e2b3826e4162d7707111b42c4,95/100
https://thechoicervoicer.me/zh/ivr-voice-over-exercises/,17,Pass,5,78 unique live internal targets audited; parent and relevant sibling links,7eb775b8afcdab7e2b3826e4162d7707111b42c4,95/100
https://thechoicervoicer.me/zh/ivr-voice-over-exercises/,18,Pass,5,"Article, BreadcrumbList and FAQPage parse and correspond to visible text",7eb775b8afcdab7e2b3826e4162d7707111b42c4,95/100
https://thechoicervoicer.me/zh/ivr-voice-over-exercises/,19,Blocked,0,BLOCKED: Every URL has GA4 collect HTTP 204; original Realtime checks used an incorrect account route and returned no backend matches. Corrected route and pagination repair await extension reload/live result; docs/seo/external-checks-2026-10-02.json,7eb775b8afcdab7e2b3826e4162d7707111b42c4,95/100
https://thechoicervoicer.me/zh/ivr-voice-over-exercises/,20,Pass,5,"Source and Pages commit, exact release, tests, screenshots, contrast and Chinese layout fixes preserved",7eb775b8afcdab7e2b3826e4162d7707111b42c4,95/100
https://thechoicervoicer.me/zh/museum-audio-guide-narration-exercises/,01,Pass,5,Unique intent/canonical map and explicit overlap boundaries in page briefs,7eb775b8afcdab7e2b3826e4162d7707111b42c4,95/100
https://thechoicervoicer.me/zh/museum-audio-guide-narration-exercises/,02,Pass,5,18 current Web.Cafe query results with source IDs; Ahrefs default exemption,7eb775b8afcdab7e2b3826e4162d7707111b42c4,95/100
https://thechoicervoicer.me/zh/museum-audio-guide-narration-exercises/,03,Pass,5,Post-live GeFei review; genre-specific guide and visible promise; inference and data gaps disclosed,7eb775b8afcdab7e2b3826e4162d7707111b42c4,95/100
https://thechoicervoicer.me/zh/museum-audio-guide-narration-exercises/,04,Pass,5,"Six original drills, observable review, rights/privacy/comfort limits; no false automated assessment",7eb775b8afcdab7e2b3826e4162d7707111b42c4,95/100
https://thechoicervoicer.me/zh/museum-audio-guide-narration-exercises/,05,Pass,5,Unique production Title audited for all 30 locale URLs,7eb775b8afcdab7e2b3826e4162d7707111b42c4,95/100
https://thechoicervoicer.me/zh/museum-audio-guide-narration-exercises/,06,Pass,5,Unique concrete production Description audited,7eb775b8afcdab7e2b3826e4162d7707111b42c4,95/100
https://thechoicervoicer.me/zh/museum-audio-guide-narration-exercises/,07,Pass,5,Exactly one source-visible H1,7eb775b8afcdab7e2b3826e4162d7707111b42c4,95/100
https://thechoicervoicer.me/zh/museum-audio-guide-narration-exercises/,08,Pass,5,"Six specific drill bodies, original example, playback checks and matching FAQ in served HTML",7eb775b8afcdab7e2b3826e4162d7707111b42c4,95/100
https://thechoicervoicer.me/zh/museum-audio-guide-narration-exercises/,09,Pass,5,Canonical HTTP 200 and self-canonical verified,7eb775b8afcdab7e2b3826e4162d7707111b42c4,95/100
https://thechoicervoicer.me/zh/museum-audio-guide-narration-exercises/,10,Pass,5,"Index/follow, robots allows crawling",7eb775b8afcdab7e2b3826e4162d7707111b42c4,95/100
https://thechoicervoicer.me/zh/museum-audio-guide-narration-exercises/,11,Pass,5,Live sitemap 160 URLs with new lastmod 2026-10-02,7eb775b8afcdab7e2b3826e4162d7707111b42c4,95/100
https://thechoicervoicer.me/zh/museum-audio-guide-narration-exercises/,12,Pass,5,"EN/zh-Hans/x-default and canonical, OG, schema agree",7eb775b8afcdab7e2b3826e4162d7707111b42c4,95/100
https://thechoicervoicer.me/zh/museum-audio-guide-narration-exercises/,13,Pass,5,Working self-review routine and source-visible original examples,7eb775b8afcdab7e2b3826e4162d7707111b42c4,95/100
https://thechoicervoicer.me/zh/museum-audio-guide-narration-exercises/,14,Pass,5,Per-route check/reset; full completion; reload/locale persistence; storage-denied boundary tests pass,7eb775b8afcdab7e2b3826e4162d7707111b42c4,95/100
https://thechoicervoicer.me/zh/museum-audio-guide-narration-exercises/,15,Pass,5,60 production desktop/mobile checks plus targeted final Chinese layout recheck; no overflow/errors; image alt audited,7eb775b8afcdab7e2b3826e4162d7707111b42c4,95/100
https://thechoicervoicer.me/zh/museum-audio-guide-narration-exercises/,16,Pass,5,Both live homepage source pages contain all 15 inbound links,7eb775b8afcdab7e2b3826e4162d7707111b42c4,95/100
https://thechoicervoicer.me/zh/museum-audio-guide-narration-exercises/,17,Pass,5,78 unique live internal targets audited; parent and relevant sibling links,7eb775b8afcdab7e2b3826e4162d7707111b42c4,95/100
https://thechoicervoicer.me/zh/museum-audio-guide-narration-exercises/,18,Pass,5,"Article, BreadcrumbList and FAQPage parse and correspond to visible text",7eb775b8afcdab7e2b3826e4162d7707111b42c4,95/100
https://thechoicervoicer.me/zh/museum-audio-guide-narration-exercises/,19,Blocked,0,BLOCKED: Every URL has GA4 collect HTTP 204; original Realtime checks used an incorrect account route and returned no backend matches. Corrected route and pagination repair await extension reload/live result; docs/seo/external-checks-2026-10-02.json,7eb775b8afcdab7e2b3826e4162d7707111b42c4,95/100
https://thechoicervoicer.me/zh/museum-audio-guide-narration-exercises/,20,Pass,5,"Source and Pages commit, exact release, tests, screenshots, contrast and Chinese layout fixes preserved",7eb775b8afcdab7e2b3826e4162d7707111b42c4,95/100
https://thechoicervoicer.me/zh/news-reading-voice-exercises/,01,Pass,5,Unique intent/canonical map and explicit overlap boundaries in page briefs,7eb775b8afcdab7e2b3826e4162d7707111b42c4,95/100
https://thechoicervoicer.me/zh/news-reading-voice-exercises/,02,Pass,5,18 current Web.Cafe query results with source IDs; Ahrefs default exemption,7eb775b8afcdab7e2b3826e4162d7707111b42c4,95/100
https://thechoicervoicer.me/zh/news-reading-voice-exercises/,03,Pass,5,Post-live GeFei review; genre-specific guide and visible promise; inference and data gaps disclosed,7eb775b8afcdab7e2b3826e4162d7707111b42c4,95/100
https://thechoicervoicer.me/zh/news-reading-voice-exercises/,04,Pass,5,"Six original drills, observable review, rights/privacy/comfort limits; no false automated assessment",7eb775b8afcdab7e2b3826e4162d7707111b42c4,95/100
https://thechoicervoicer.me/zh/news-reading-voice-exercises/,05,Pass,5,Unique production Title audited for all 30 locale URLs,7eb775b8afcdab7e2b3826e4162d7707111b42c4,95/100
https://thechoicervoicer.me/zh/news-reading-voice-exercises/,06,Pass,5,Unique concrete production Description audited,7eb775b8afcdab7e2b3826e4162d7707111b42c4,95/100
https://thechoicervoicer.me/zh/news-reading-voice-exercises/,07,Pass,5,Exactly one source-visible H1,7eb775b8afcdab7e2b3826e4162d7707111b42c4,95/100
https://thechoicervoicer.me/zh/news-reading-voice-exercises/,08,Pass,5,"Six specific drill bodies, original example, playback checks and matching FAQ in served HTML",7eb775b8afcdab7e2b3826e4162d7707111b42c4,95/100
https://thechoicervoicer.me/zh/news-reading-voice-exercises/,09,Pass,5,Canonical HTTP 200 and self-canonical verified,7eb775b8afcdab7e2b3826e4162d7707111b42c4,95/100
https://thechoicervoicer.me/zh/news-reading-voice-exercises/,10,Pass,5,"Index/follow, robots allows crawling",7eb775b8afcdab7e2b3826e4162d7707111b42c4,95/100
https://thechoicervoicer.me/zh/news-reading-voice-exercises/,11,Pass,5,Live sitemap 160 URLs with new lastmod 2026-10-02,7eb775b8afcdab7e2b3826e4162d7707111b42c4,95/100
https://thechoicervoicer.me/zh/news-reading-voice-exercises/,12,Pass,5,"EN/zh-Hans/x-default and canonical, OG, schema agree",7eb775b8afcdab7e2b3826e4162d7707111b42c4,95/100
https://thechoicervoicer.me/zh/news-reading-voice-exercises/,13,Pass,5,Working self-review routine and source-visible original examples,7eb775b8afcdab7e2b3826e4162d7707111b42c4,95/100
https://thechoicervoicer.me/zh/news-reading-voice-exercises/,14,Pass,5,Per-route check/reset; full completion; reload/locale persistence; storage-denied boundary tests pass,7eb775b8afcdab7e2b3826e4162d7707111b42c4,95/100
https://thechoicervoicer.me/zh/news-reading-voice-exercises/,15,Pass,5,60 production desktop/mobile checks plus targeted final Chinese layout recheck; no overflow/errors; image alt audited,7eb775b8afcdab7e2b3826e4162d7707111b42c4,95/100
https://thechoicervoicer.me/zh/news-reading-voice-exercises/,16,Pass,5,Both live homepage source pages contain all 15 inbound links,7eb775b8afcdab7e2b3826e4162d7707111b42c4,95/100
https://thechoicervoicer.me/zh/news-reading-voice-exercises/,17,Pass,5,78 unique live internal targets audited; parent and relevant sibling links,7eb775b8afcdab7e2b3826e4162d7707111b42c4,95/100
https://thechoicervoicer.me/zh/news-reading-voice-exercises/,18,Pass,5,"Article, BreadcrumbList and FAQPage parse and correspond to visible text",7eb775b8afcdab7e2b3826e4162d7707111b42c4,95/100
https://thechoicervoicer.me/zh/news-reading-voice-exercises/,19,Blocked,0,BLOCKED: Every URL has GA4 collect HTTP 204; original Realtime checks used an incorrect account route and returned no backend matches. Corrected route and pagination repair await extension reload/live result; docs/seo/external-checks-2026-10-02.json,7eb775b8afcdab7e2b3826e4162d7707111b42c4,95/100
https://thechoicervoicer.me/zh/news-reading-voice-exercises/,20,Pass,5,"Source and Pages commit, exact release, tests, screenshots, contrast and Chinese layout fixes preserved",7eb775b8afcdab7e2b3826e4162d7707111b42c4,95/100
https://thechoicervoicer.me/zh/poetry-reading-voice-exercises/,01,Pass,5,Unique intent/canonical map and explicit overlap boundaries in page briefs,7eb775b8afcdab7e2b3826e4162d7707111b42c4,95/100
https://thechoicervoicer.me/zh/poetry-reading-voice-exercises/,02,Pass,5,18 current Web.Cafe query results with source IDs; Ahrefs default exemption,7eb775b8afcdab7e2b3826e4162d7707111b42c4,95/100
https://thechoicervoicer.me/zh/poetry-reading-voice-exercises/,03,Pass,5,Post-live GeFei review; genre-specific guide and visible promise; inference and data gaps disclosed,7eb775b8afcdab7e2b3826e4162d7707111b42c4,95/100
https://thechoicervoicer.me/zh/poetry-reading-voice-exercises/,04,Pass,5,"Six original drills, observable review, rights/privacy/comfort limits; no false automated assessment",7eb775b8afcdab7e2b3826e4162d7707111b42c4,95/100
https://thechoicervoicer.me/zh/poetry-reading-voice-exercises/,05,Pass,5,Unique production Title audited for all 30 locale URLs,7eb775b8afcdab7e2b3826e4162d7707111b42c4,95/100
https://thechoicervoicer.me/zh/poetry-reading-voice-exercises/,06,Pass,5,Unique concrete production Description audited,7eb775b8afcdab7e2b3826e4162d7707111b42c4,95/100
https://thechoicervoicer.me/zh/poetry-reading-voice-exercises/,07,Pass,5,Exactly one source-visible H1,7eb775b8afcdab7e2b3826e4162d7707111b42c4,95/100
https://thechoicervoicer.me/zh/poetry-reading-voice-exercises/,08,Pass,5,"Six specific drill bodies, original example, playback checks and matching FAQ in served HTML",7eb775b8afcdab7e2b3826e4162d7707111b42c4,95/100
https://thechoicervoicer.me/zh/poetry-reading-voice-exercises/,09,Pass,5,Canonical HTTP 200 and self-canonical verified,7eb775b8afcdab7e2b3826e4162d7707111b42c4,95/100
https://thechoicervoicer.me/zh/poetry-reading-voice-exercises/,10,Pass,5,"Index/follow, robots allows crawling",7eb775b8afcdab7e2b3826e4162d7707111b42c4,95/100
https://thechoicervoicer.me/zh/poetry-reading-voice-exercises/,11,Pass,5,Live sitemap 160 URLs with new lastmod 2026-10-02,7eb775b8afcdab7e2b3826e4162d7707111b42c4,95/100
https://thechoicervoicer.me/zh/poetry-reading-voice-exercises/,12,Pass,5,"EN/zh-Hans/x-default and canonical, OG, schema agree",7eb775b8afcdab7e2b3826e4162d7707111b42c4,95/100
https://thechoicervoicer.me/zh/poetry-reading-voice-exercises/,13,Pass,5,Working self-review routine and source-visible original examples,7eb775b8afcdab7e2b3826e4162d7707111b42c4,95/100
https://thechoicervoicer.me/zh/poetry-reading-voice-exercises/,14,Pass,5,Per-route check/reset; full completion; reload/locale persistence; storage-denied boundary tests pass,7eb775b8afcdab7e2b3826e4162d7707111b42c4,95/100
https://thechoicervoicer.me/zh/poetry-reading-voice-exercises/,15,Pass,5,60 production desktop/mobile checks plus targeted final Chinese layout recheck; no overflow/errors; image alt audited,7eb775b8afcdab7e2b3826e4162d7707111b42c4,95/100
https://thechoicervoicer.me/zh/poetry-reading-voice-exercises/,16,Pass,5,Both live homepage source pages contain all 15 inbound links,7eb775b8afcdab7e2b3826e4162d7707111b42c4,95/100
https://thechoicervoicer.me/zh/poetry-reading-voice-exercises/,17,Pass,5,78 unique live internal targets audited; parent and relevant sibling links,7eb775b8afcdab7e2b3826e4162d7707111b42c4,95/100
https://thechoicervoicer.me/zh/poetry-reading-voice-exercises/,18,Pass,5,"Article, BreadcrumbList and FAQPage parse and correspond to visible text",7eb775b8afcdab7e2b3826e4162d7707111b42c4,95/100
https://thechoicervoicer.me/zh/poetry-reading-voice-exercises/,19,Blocked,0,BLOCKED: Every URL has GA4 collect HTTP 204; original Realtime checks used an incorrect account route and returned no backend matches. Corrected route and pagination repair await extension reload/live result; docs/seo/external-checks-2026-10-02.json,7eb775b8afcdab7e2b3826e4162d7707111b42c4,95/100
https://thechoicervoicer.me/zh/poetry-reading-voice-exercises/,20,Pass,5,"Source and Pages commit, exact release, tests, screenshots, contrast and Chinese layout fixes preserved",7eb775b8afcdab7e2b3826e4162d7707111b42c4,95/100
https://thechoicervoicer.me/zh/puppet-voice-acting-exercises/,01,Pass,5,Unique intent/canonical map and explicit overlap boundaries in page briefs,7eb775b8afcdab7e2b3826e4162d7707111b42c4,95/100
https://thechoicervoicer.me/zh/puppet-voice-acting-exercises/,02,Pass,5,18 current Web.Cafe query results with source IDs; Ahrefs default exemption,7eb775b8afcdab7e2b3826e4162d7707111b42c4,95/100
https://thechoicervoicer.me/zh/puppet-voice-acting-exercises/,03,Pass,5,Post-live GeFei review; genre-specific guide and visible promise; inference and data gaps disclosed,7eb775b8afcdab7e2b3826e4162d7707111b42c4,95/100
https://thechoicervoicer.me/zh/puppet-voice-acting-exercises/,04,Pass,5,"Six original drills, observable review, rights/privacy/comfort limits; no false automated assessment",7eb775b8afcdab7e2b3826e4162d7707111b42c4,95/100
https://thechoicervoicer.me/zh/puppet-voice-acting-exercises/,05,Pass,5,Unique production Title audited for all 30 locale URLs,7eb775b8afcdab7e2b3826e4162d7707111b42c4,95/100
https://thechoicervoicer.me/zh/puppet-voice-acting-exercises/,06,Pass,5,Unique concrete production Description audited,7eb775b8afcdab7e2b3826e4162d7707111b42c4,95/100
https://thechoicervoicer.me/zh/puppet-voice-acting-exercises/,07,Pass,5,Exactly one source-visible H1,7eb775b8afcdab7e2b3826e4162d7707111b42c4,95/100
https://thechoicervoicer.me/zh/puppet-voice-acting-exercises/,08,Pass,5,"Six specific drill bodies, original example, playback checks and matching FAQ in served HTML",7eb775b8afcdab7e2b3826e4162d7707111b42c4,95/100
https://thechoicervoicer.me/zh/puppet-voice-acting-exercises/,09,Pass,5,Canonical HTTP 200 and self-canonical verified,7eb775b8afcdab7e2b3826e4162d7707111b42c4,95/100
https://thechoicervoicer.me/zh/puppet-voice-acting-exercises/,10,Pass,5,"Index/follow, robots allows crawling",7eb775b8afcdab7e2b3826e4162d7707111b42c4,95/100
https://thechoicervoicer.me/zh/puppet-voice-acting-exercises/,11,Pass,5,Live sitemap 160 URLs with new lastmod 2026-10-02,7eb775b8afcdab7e2b3826e4162d7707111b42c4,95/100
https://thechoicervoicer.me/zh/puppet-voice-acting-exercises/,12,Pass,5,"EN/zh-Hans/x-default and canonical, OG, schema agree",7eb775b8afcdab7e2b3826e4162d7707111b42c4,95/100
https://thechoicervoicer.me/zh/puppet-voice-acting-exercises/,13,Pass,5,Working self-review routine and source-visible original examples,7eb775b8afcdab7e2b3826e4162d7707111b42c4,95/100
https://thechoicervoicer.me/zh/puppet-voice-acting-exercises/,14,Pass,5,Per-route check/reset; full completion; reload/locale persistence; storage-denied boundary tests pass,7eb775b8afcdab7e2b3826e4162d7707111b42c4,95/100
https://thechoicervoicer.me/zh/puppet-voice-acting-exercises/,15,Pass,5,60 production desktop/mobile checks plus targeted final Chinese layout recheck; no overflow/errors; image alt audited,7eb775b8afcdab7e2b3826e4162d7707111b42c4,95/100
https://thechoicervoicer.me/zh/puppet-voice-acting-exercises/,16,Pass,5,Both live homepage source pages contain all 15 inbound links,7eb775b8afcdab7e2b3826e4162d7707111b42c4,95/100
https://thechoicervoicer.me/zh/puppet-voice-acting-exercises/,17,Pass,5,78 unique live internal targets audited; parent and relevant sibling links,7eb775b8afcdab7e2b3826e4162d7707111b42c4,95/100
https://thechoicervoicer.me/zh/puppet-voice-acting-exercises/,18,Pass,5,"Article, BreadcrumbList and FAQPage parse and correspond to visible text",7eb775b8afcdab7e2b3826e4162d7707111b42c4,95/100
https://thechoicervoicer.me/zh/puppet-voice-acting-exercises/,19,Blocked,0,BLOCKED: Every URL has GA4 collect HTTP 204; original Realtime checks used an incorrect account route and returned no backend matches. Corrected route and pagination repair await extension reload/live result; docs/seo/external-checks-2026-10-02.json,7eb775b8afcdab7e2b3826e4162d7707111b42c4,95/100
https://thechoicervoicer.me/zh/puppet-voice-acting-exercises/,20,Pass,5,"Source and Pages commit, exact release, tests, screenshots, contrast and Chinese layout fixes preserved",7eb775b8afcdab7e2b3826e4162d7707111b42c4,95/100
https://thechoicervoicer.me/zh/storytelling-voice-exercises/,01,Pass,5,Unique intent/canonical map and explicit overlap boundaries in page briefs,7eb775b8afcdab7e2b3826e4162d7707111b42c4,95/100
https://thechoicervoicer.me/zh/storytelling-voice-exercises/,02,Pass,5,18 current Web.Cafe query results with source IDs; Ahrefs default exemption,7eb775b8afcdab7e2b3826e4162d7707111b42c4,95/100
https://thechoicervoicer.me/zh/storytelling-voice-exercises/,03,Pass,5,Post-live GeFei review; genre-specific guide and visible promise; inference and data gaps disclosed,7eb775b8afcdab7e2b3826e4162d7707111b42c4,95/100
https://thechoicervoicer.me/zh/storytelling-voice-exercises/,04,Pass,5,"Six original drills, observable review, rights/privacy/comfort limits; no false automated assessment",7eb775b8afcdab7e2b3826e4162d7707111b42c4,95/100
https://thechoicervoicer.me/zh/storytelling-voice-exercises/,05,Pass,5,Unique production Title audited for all 30 locale URLs,7eb775b8afcdab7e2b3826e4162d7707111b42c4,95/100
https://thechoicervoicer.me/zh/storytelling-voice-exercises/,06,Pass,5,Unique concrete production Description audited,7eb775b8afcdab7e2b3826e4162d7707111b42c4,95/100
https://thechoicervoicer.me/zh/storytelling-voice-exercises/,07,Pass,5,Exactly one source-visible H1,7eb775b8afcdab7e2b3826e4162d7707111b42c4,95/100
https://thechoicervoicer.me/zh/storytelling-voice-exercises/,08,Pass,5,"Six specific drill bodies, original example, playback checks and matching FAQ in served HTML",7eb775b8afcdab7e2b3826e4162d7707111b42c4,95/100
https://thechoicervoicer.me/zh/storytelling-voice-exercises/,09,Pass,5,Canonical HTTP 200 and self-canonical verified,7eb775b8afcdab7e2b3826e4162d7707111b42c4,95/100
https://thechoicervoicer.me/zh/storytelling-voice-exercises/,10,Pass,5,"Index/follow, robots allows crawling",7eb775b8afcdab7e2b3826e4162d7707111b42c4,95/100
https://thechoicervoicer.me/zh/storytelling-voice-exercises/,11,Pass,5,Live sitemap 160 URLs with new lastmod 2026-10-02,7eb775b8afcdab7e2b3826e4162d7707111b42c4,95/100
https://thechoicervoicer.me/zh/storytelling-voice-exercises/,12,Pass,5,"EN/zh-Hans/x-default and canonical, OG, schema agree",7eb775b8afcdab7e2b3826e4162d7707111b42c4,95/100
https://thechoicervoicer.me/zh/storytelling-voice-exercises/,13,Pass,5,Working self-review routine and source-visible original examples,7eb775b8afcdab7e2b3826e4162d7707111b42c4,95/100
https://thechoicervoicer.me/zh/storytelling-voice-exercises/,14,Pass,5,Per-route check/reset; full completion; reload/locale persistence; storage-denied boundary tests pass,7eb775b8afcdab7e2b3826e4162d7707111b42c4,95/100
https://thechoicervoicer.me/zh/storytelling-voice-exercises/,15,Pass,5,60 production desktop/mobile checks plus targeted final Chinese layout recheck; no overflow/errors; image alt audited,7eb775b8afcdab7e2b3826e4162d7707111b42c4,95/100
https://thechoicervoicer.me/zh/storytelling-voice-exercises/,16,Pass,5,Both live homepage source pages contain all 15 inbound links,7eb775b8afcdab7e2b3826e4162d7707111b42c4,95/100
https://thechoicervoicer.me/zh/storytelling-voice-exercises/,17,Pass,5,78 unique live internal targets audited; parent and relevant sibling links,7eb775b8afcdab7e2b3826e4162d7707111b42c4,95/100
https://thechoicervoicer.me/zh/storytelling-voice-exercises/,18,Pass,5,"Article, BreadcrumbList and FAQPage parse and correspond to visible text",7eb775b8afcdab7e2b3826e4162d7707111b42c4,95/100
https://thechoicervoicer.me/zh/storytelling-voice-exercises/,19,Blocked,0,BLOCKED: Every URL has GA4 collect HTTP 204; original Realtime checks used an incorrect account route and returned no backend matches. Corrected route and pagination repair await extension reload/live result; docs/seo/external-checks-2026-10-02.json,7eb775b8afcdab7e2b3826e4162d7707111b42c4,95/100
https://thechoicervoicer.me/zh/storytelling-voice-exercises/,20,Pass,5,"Source and Pages commit, exact release, tests, screenshots, contrast and Chinese layout fixes preserved",7eb775b8afcdab7e2b3826e4162d7707111b42c4,95/100
https://thechoicervoicer.me/zh/telephone-acting-exercises/,01,Pass,5,Unique intent/canonical map and explicit overlap boundaries in page briefs,7eb775b8afcdab7e2b3826e4162d7707111b42c4,95/100
https://thechoicervoicer.me/zh/telephone-acting-exercises/,02,Pass,5,18 current Web.Cafe query results with source IDs; Ahrefs default exemption,7eb775b8afcdab7e2b3826e4162d7707111b42c4,95/100
https://thechoicervoicer.me/zh/telephone-acting-exercises/,03,Pass,5,Post-live GeFei review; genre-specific guide and visible promise; inference and data gaps disclosed,7eb775b8afcdab7e2b3826e4162d7707111b42c4,95/100
https://thechoicervoicer.me/zh/telephone-acting-exercises/,04,Pass,5,"Six original drills, observable review, rights/privacy/comfort limits; no false automated assessment",7eb775b8afcdab7e2b3826e4162d7707111b42c4,95/100
https://thechoicervoicer.me/zh/telephone-acting-exercises/,05,Pass,5,Unique production Title audited for all 30 locale URLs,7eb775b8afcdab7e2b3826e4162d7707111b42c4,95/100
https://thechoicervoicer.me/zh/telephone-acting-exercises/,06,Pass,5,Unique concrete production Description audited,7eb775b8afcdab7e2b3826e4162d7707111b42c4,95/100
https://thechoicervoicer.me/zh/telephone-acting-exercises/,07,Pass,5,Exactly one source-visible H1,7eb775b8afcdab7e2b3826e4162d7707111b42c4,95/100
https://thechoicervoicer.me/zh/telephone-acting-exercises/,08,Pass,5,"Six specific drill bodies, original example, playback checks and matching FAQ in served HTML",7eb775b8afcdab7e2b3826e4162d7707111b42c4,95/100
https://thechoicervoicer.me/zh/telephone-acting-exercises/,09,Pass,5,Canonical HTTP 200 and self-canonical verified,7eb775b8afcdab7e2b3826e4162d7707111b42c4,95/100
https://thechoicervoicer.me/zh/telephone-acting-exercises/,10,Pass,5,"Index/follow, robots allows crawling",7eb775b8afcdab7e2b3826e4162d7707111b42c4,95/100
https://thechoicervoicer.me/zh/telephone-acting-exercises/,11,Pass,5,Live sitemap 160 URLs with new lastmod 2026-10-02,7eb775b8afcdab7e2b3826e4162d7707111b42c4,95/100
https://thechoicervoicer.me/zh/telephone-acting-exercises/,12,Pass,5,"EN/zh-Hans/x-default and canonical, OG, schema agree",7eb775b8afcdab7e2b3826e4162d7707111b42c4,95/100
https://thechoicervoicer.me/zh/telephone-acting-exercises/,13,Pass,5,Working self-review routine and source-visible original examples,7eb775b8afcdab7e2b3826e4162d7707111b42c4,95/100
https://thechoicervoicer.me/zh/telephone-acting-exercises/,14,Pass,5,Per-route check/reset; full completion; reload/locale persistence; storage-denied boundary tests pass,7eb775b8afcdab7e2b3826e4162d7707111b42c4,95/100
https://thechoicervoicer.me/zh/telephone-acting-exercises/,15,Pass,5,60 production desktop/mobile checks plus targeted final Chinese layout recheck; no overflow/errors; image alt audited,7eb775b8afcdab7e2b3826e4162d7707111b42c4,95/100
https://thechoicervoicer.me/zh/telephone-acting-exercises/,16,Pass,5,Both live homepage source pages contain all 15 inbound links,7eb775b8afcdab7e2b3826e4162d7707111b42c4,95/100
https://thechoicervoicer.me/zh/telephone-acting-exercises/,17,Pass,5,78 unique live internal targets audited; parent and relevant sibling links,7eb775b8afcdab7e2b3826e4162d7707111b42c4,95/100
https://thechoicervoicer.me/zh/telephone-acting-exercises/,18,Pass,5,"Article, BreadcrumbList and FAQPage parse and correspond to visible text",7eb775b8afcdab7e2b3826e4162d7707111b42c4,95/100
https://thechoicervoicer.me/zh/telephone-acting-exercises/,19,Blocked,0,BLOCKED: Every URL has GA4 collect HTTP 204; original Realtime checks used an incorrect account route and returned no backend matches. Corrected route and pagination repair await extension reload/live result; docs/seo/external-checks-2026-10-02.json,7eb775b8afcdab7e2b3826e4162d7707111b42c4,95/100
https://thechoicervoicer.me/zh/telephone-acting-exercises/,20,Pass,5,"Source and Pages commit, exact release, tests, screenshots, contrast and Chinese layout fixes preserved",7eb775b8afcdab7e2b3826e4162d7707111b42c4,95/100
https://thechoicervoicer.me/zh/tour-guide-voice-exercises/,01,Pass,5,Unique intent/canonical map and explicit overlap boundaries in page briefs,7eb775b8afcdab7e2b3826e4162d7707111b42c4,95/100
https://thechoicervoicer.me/zh/tour-guide-voice-exercises/,02,Pass,5,18 current Web.Cafe query results with source IDs; Ahrefs default exemption,7eb775b8afcdab7e2b3826e4162d7707111b42c4,95/100
https://thechoicervoicer.me/zh/tour-guide-voice-exercises/,03,Pass,5,Post-live GeFei review; genre-specific guide and visible promise; inference and data gaps disclosed,7eb775b8afcdab7e2b3826e4162d7707111b42c4,95/100
https://thechoicervoicer.me/zh/tour-guide-voice-exercises/,04,Pass,5,"Six original drills, observable review, rights/privacy/comfort limits; no false automated assessment",7eb775b8afcdab7e2b3826e4162d7707111b42c4,95/100
https://thechoicervoicer.me/zh/tour-guide-voice-exercises/,05,Pass,5,Unique production Title audited for all 30 locale URLs,7eb775b8afcdab7e2b3826e4162d7707111b42c4,95/100
https://thechoicervoicer.me/zh/tour-guide-voice-exercises/,06,Pass,5,Unique concrete production Description audited,7eb775b8afcdab7e2b3826e4162d7707111b42c4,95/100
https://thechoicervoicer.me/zh/tour-guide-voice-exercises/,07,Pass,5,Exactly one source-visible H1,7eb775b8afcdab7e2b3826e4162d7707111b42c4,95/100
https://thechoicervoicer.me/zh/tour-guide-voice-exercises/,08,Pass,5,"Six specific drill bodies, original example, playback checks and matching FAQ in served HTML",7eb775b8afcdab7e2b3826e4162d7707111b42c4,95/100
https://thechoicervoicer.me/zh/tour-guide-voice-exercises/,09,Pass,5,Canonical HTTP 200 and self-canonical verified,7eb775b8afcdab7e2b3826e4162d7707111b42c4,95/100
https://thechoicervoicer.me/zh/tour-guide-voice-exercises/,10,Pass,5,"Index/follow, robots allows crawling",7eb775b8afcdab7e2b3826e4162d7707111b42c4,95/100
https://thechoicervoicer.me/zh/tour-guide-voice-exercises/,11,Pass,5,Live sitemap 160 URLs with new lastmod 2026-10-02,7eb775b8afcdab7e2b3826e4162d7707111b42c4,95/100
https://thechoicervoicer.me/zh/tour-guide-voice-exercises/,12,Pass,5,"EN/zh-Hans/x-default and canonical, OG, schema agree",7eb775b8afcdab7e2b3826e4162d7707111b42c4,95/100
https://thechoicervoicer.me/zh/tour-guide-voice-exercises/,13,Pass,5,Working self-review routine and source-visible original examples,7eb775b8afcdab7e2b3826e4162d7707111b42c4,95/100
https://thechoicervoicer.me/zh/tour-guide-voice-exercises/,14,Pass,5,Per-route check/reset; full completion; reload/locale persistence; storage-denied boundary tests pass,7eb775b8afcdab7e2b3826e4162d7707111b42c4,95/100
https://thechoicervoicer.me/zh/tour-guide-voice-exercises/,15,Pass,5,60 production desktop/mobile checks plus targeted final Chinese layout recheck; no overflow/errors; image alt audited,7eb775b8afcdab7e2b3826e4162d7707111b42c4,95/100
https://thechoicervoicer.me/zh/tour-guide-voice-exercises/,16,Pass,5,Both live homepage source pages contain all 15 inbound links,7eb775b8afcdab7e2b3826e4162d7707111b42c4,95/100
https://thechoicervoicer.me/zh/tour-guide-voice-exercises/,17,Pass,5,78 unique live internal targets audited; parent and relevant sibling links,7eb775b8afcdab7e2b3826e4162d7707111b42c4,95/100
https://thechoicervoicer.me/zh/tour-guide-voice-exercises/,18,Pass,5,"Article, BreadcrumbList and FAQPage parse and correspond to visible text",7eb775b8afcdab7e2b3826e4162d7707111b42c4,95/100
https://thechoicervoicer.me/zh/tour-guide-voice-exercises/,19,Blocked,0,BLOCKED: Every URL has GA4 collect HTTP 204; original Realtime checks used an incorrect account route and returned no backend matches. Corrected route and pagination repair await extension reload/live result; docs/seo/external-checks-2026-10-02.json,7eb775b8afcdab7e2b3826e4162d7707111b42c4,95/100
https://thechoicervoicer.me/zh/tour-guide-voice-exercises/,20,Pass,5,"Source and Pages commit, exact release, tests, screenshots, contrast and Chinese layout fixes preserved",7eb775b8afcdab7e2b3826e4162d7707111b42c4,95/100
https://thechoicervoicer.me/zh/trailer-narration-exercises/,01,Pass,5,Unique intent/canonical map and explicit overlap boundaries in page briefs,7eb775b8afcdab7e2b3826e4162d7707111b42c4,95/100
https://thechoicervoicer.me/zh/trailer-narration-exercises/,02,Pass,5,18 current Web.Cafe query results with source IDs; Ahrefs default exemption,7eb775b8afcdab7e2b3826e4162d7707111b42c4,95/100
https://thechoicervoicer.me/zh/trailer-narration-exercises/,03,Pass,5,Post-live GeFei review; genre-specific guide and visible promise; inference and data gaps disclosed,7eb775b8afcdab7e2b3826e4162d7707111b42c4,95/100
https://thechoicervoicer.me/zh/trailer-narration-exercises/,04,Pass,5,"Six original drills, observable review, rights/privacy/comfort limits; no false automated assessment",7eb775b8afcdab7e2b3826e4162d7707111b42c4,95/100
https://thechoicervoicer.me/zh/trailer-narration-exercises/,05,Pass,5,Unique production Title audited for all 30 locale URLs,7eb775b8afcdab7e2b3826e4162d7707111b42c4,95/100
https://thechoicervoicer.me/zh/trailer-narration-exercises/,06,Pass,5,Unique concrete production Description audited,7eb775b8afcdab7e2b3826e4162d7707111b42c4,95/100
https://thechoicervoicer.me/zh/trailer-narration-exercises/,07,Pass,5,Exactly one source-visible H1,7eb775b8afcdab7e2b3826e4162d7707111b42c4,95/100
https://thechoicervoicer.me/zh/trailer-narration-exercises/,08,Pass,5,"Six specific drill bodies, original example, playback checks and matching FAQ in served HTML",7eb775b8afcdab7e2b3826e4162d7707111b42c4,95/100
https://thechoicervoicer.me/zh/trailer-narration-exercises/,09,Pass,5,Canonical HTTP 200 and self-canonical verified,7eb775b8afcdab7e2b3826e4162d7707111b42c4,95/100
https://thechoicervoicer.me/zh/trailer-narration-exercises/,10,Pass,5,"Index/follow, robots allows crawling",7eb775b8afcdab7e2b3826e4162d7707111b42c4,95/100
https://thechoicervoicer.me/zh/trailer-narration-exercises/,11,Pass,5,Live sitemap 160 URLs with new lastmod 2026-10-02,7eb775b8afcdab7e2b3826e4162d7707111b42c4,95/100
https://thechoicervoicer.me/zh/trailer-narration-exercises/,12,Pass,5,"EN/zh-Hans/x-default and canonical, OG, schema agree",7eb775b8afcdab7e2b3826e4162d7707111b42c4,95/100
https://thechoicervoicer.me/zh/trailer-narration-exercises/,13,Pass,5,Working self-review routine and source-visible original examples,7eb775b8afcdab7e2b3826e4162d7707111b42c4,95/100
https://thechoicervoicer.me/zh/trailer-narration-exercises/,14,Pass,5,Per-route check/reset; full completion; reload/locale persistence; storage-denied boundary tests pass,7eb775b8afcdab7e2b3826e4162d7707111b42c4,95/100
https://thechoicervoicer.me/zh/trailer-narration-exercises/,15,Pass,5,60 production desktop/mobile checks plus targeted final Chinese layout recheck; no overflow/errors; image alt audited,7eb775b8afcdab7e2b3826e4162d7707111b42c4,95/100
https://thechoicervoicer.me/zh/trailer-narration-exercises/,16,Pass,5,Both live homepage source pages contain all 15 inbound links,7eb775b8afcdab7e2b3826e4162d7707111b42c4,95/100
https://thechoicervoicer.me/zh/trailer-narration-exercises/,17,Pass,5,78 unique live internal targets audited; parent and relevant sibling links,7eb775b8afcdab7e2b3826e4162d7707111b42c4,95/100
https://thechoicervoicer.me/zh/trailer-narration-exercises/,18,Pass,5,"Article, BreadcrumbList and FAQPage parse and correspond to visible text",7eb775b8afcdab7e2b3826e4162d7707111b42c4,95/100
https://thechoicervoicer.me/zh/trailer-narration-exercises/,19,Blocked,0,BLOCKED: Every URL has GA4 collect HTTP 204; original Realtime checks used an incorrect account route and returned no backend matches. Corrected route and pagination repair await extension reload/live result; docs/seo/external-checks-2026-10-02.json,7eb775b8afcdab7e2b3826e4162d7707111b42c4,95/100
https://thechoicervoicer.me/zh/trailer-narration-exercises/,20,Pass,5,"Source and Pages commit, exact release, tests, screenshots, contrast and Chinese layout fixes preserved",7eb775b8afcdab7e2b3826e4162d7707111b42c4,95/100
https://thechoicervoicer.me/zh/voice-acting-plosive-exercises/,01,Pass,5,Unique intent/canonical map and explicit overlap boundaries in page briefs,7eb775b8afcdab7e2b3826e4162d7707111b42c4,95/100
https://thechoicervoicer.me/zh/voice-acting-plosive-exercises/,02,Pass,5,18 current Web.Cafe query results with source IDs; Ahrefs default exemption,7eb775b8afcdab7e2b3826e4162d7707111b42c4,95/100
https://thechoicervoicer.me/zh/voice-acting-plosive-exercises/,03,Pass,5,Post-live GeFei review; genre-specific guide and visible promise; inference and data gaps disclosed,7eb775b8afcdab7e2b3826e4162d7707111b42c4,95/100
https://thechoicervoicer.me/zh/voice-acting-plosive-exercises/,04,Pass,5,"Six original drills, observable review, rights/privacy/comfort limits; no false automated assessment",7eb775b8afcdab7e2b3826e4162d7707111b42c4,95/100
https://thechoicervoicer.me/zh/voice-acting-plosive-exercises/,05,Pass,5,Unique production Title audited for all 30 locale URLs,7eb775b8afcdab7e2b3826e4162d7707111b42c4,95/100
https://thechoicervoicer.me/zh/voice-acting-plosive-exercises/,06,Pass,5,Unique concrete production Description audited,7eb775b8afcdab7e2b3826e4162d7707111b42c4,95/100
https://thechoicervoicer.me/zh/voice-acting-plosive-exercises/,07,Pass,5,Exactly one source-visible H1,7eb775b8afcdab7e2b3826e4162d7707111b42c4,95/100
https://thechoicervoicer.me/zh/voice-acting-plosive-exercises/,08,Pass,5,"Six specific drill bodies, original example, playback checks and matching FAQ in served HTML",7eb775b8afcdab7e2b3826e4162d7707111b42c4,95/100
https://thechoicervoicer.me/zh/voice-acting-plosive-exercises/,09,Pass,5,Canonical HTTP 200 and self-canonical verified,7eb775b8afcdab7e2b3826e4162d7707111b42c4,95/100
https://thechoicervoicer.me/zh/voice-acting-plosive-exercises/,10,Pass,5,"Index/follow, robots allows crawling",7eb775b8afcdab7e2b3826e4162d7707111b42c4,95/100
https://thechoicervoicer.me/zh/voice-acting-plosive-exercises/,11,Pass,5,Live sitemap 160 URLs with new lastmod 2026-10-02,7eb775b8afcdab7e2b3826e4162d7707111b42c4,95/100
https://thechoicervoicer.me/zh/voice-acting-plosive-exercises/,12,Pass,5,"EN/zh-Hans/x-default and canonical, OG, schema agree",7eb775b8afcdab7e2b3826e4162d7707111b42c4,95/100
https://thechoicervoicer.me/zh/voice-acting-plosive-exercises/,13,Pass,5,Working self-review routine and source-visible original examples,7eb775b8afcdab7e2b3826e4162d7707111b42c4,95/100
https://thechoicervoicer.me/zh/voice-acting-plosive-exercises/,14,Pass,5,Per-route check/reset; full completion; reload/locale persistence; storage-denied boundary tests pass,7eb775b8afcdab7e2b3826e4162d7707111b42c4,95/100
https://thechoicervoicer.me/zh/voice-acting-plosive-exercises/,15,Pass,5,60 production desktop/mobile checks plus targeted final Chinese layout recheck; no overflow/errors; image alt audited,7eb775b8afcdab7e2b3826e4162d7707111b42c4,95/100
https://thechoicervoicer.me/zh/voice-acting-plosive-exercises/,16,Pass,5,Both live homepage source pages contain all 15 inbound links,7eb775b8afcdab7e2b3826e4162d7707111b42c4,95/100
https://thechoicervoicer.me/zh/voice-acting-plosive-exercises/,17,Pass,5,78 unique live internal targets audited; parent and relevant sibling links,7eb775b8afcdab7e2b3826e4162d7707111b42c4,95/100
https://thechoicervoicer.me/zh/voice-acting-plosive-exercises/,18,Pass,5,"Article, BreadcrumbList and FAQPage parse and correspond to visible text",7eb775b8afcdab7e2b3826e4162d7707111b42c4,95/100
https://thechoicervoicer.me/zh/voice-acting-plosive-exercises/,19,Blocked,0,BLOCKED: Every URL has GA4 collect HTTP 204; original Realtime checks used an incorrect account route and returned no backend matches. Corrected route and pagination repair await extension reload/live result; docs/seo/external-checks-2026-10-02.json,7eb775b8afcdab7e2b3826e4162d7707111b42c4,95/100
https://thechoicervoicer.me/zh/voice-acting-plosive-exercises/,20,Pass,5,"Source and Pages commit, exact release, tests, screenshots, contrast and Chinese layout fixes preserved",7eb775b8afcdab7e2b3826e4162d7707111b42c4,95/100
https://thechoicervoicer.me/zh/voice-acting-sibilance-exercises/,01,Pass,5,Unique intent/canonical map and explicit overlap boundaries in page briefs,7eb775b8afcdab7e2b3826e4162d7707111b42c4,95/100
https://thechoicervoicer.me/zh/voice-acting-sibilance-exercises/,02,Pass,5,18 current Web.Cafe query results with source IDs; Ahrefs default exemption,7eb775b8afcdab7e2b3826e4162d7707111b42c4,95/100
https://thechoicervoicer.me/zh/voice-acting-sibilance-exercises/,03,Pass,5,Post-live GeFei review; genre-specific guide and visible promise; inference and data gaps disclosed,7eb775b8afcdab7e2b3826e4162d7707111b42c4,95/100
https://thechoicervoicer.me/zh/voice-acting-sibilance-exercises/,04,Pass,5,"Six original drills, observable review, rights/privacy/comfort limits; no false automated assessment",7eb775b8afcdab7e2b3826e4162d7707111b42c4,95/100
https://thechoicervoicer.me/zh/voice-acting-sibilance-exercises/,05,Pass,5,Unique production Title audited for all 30 locale URLs,7eb775b8afcdab7e2b3826e4162d7707111b42c4,95/100
https://thechoicervoicer.me/zh/voice-acting-sibilance-exercises/,06,Pass,5,Unique concrete production Description audited,7eb775b8afcdab7e2b3826e4162d7707111b42c4,95/100
https://thechoicervoicer.me/zh/voice-acting-sibilance-exercises/,07,Pass,5,Exactly one source-visible H1,7eb775b8afcdab7e2b3826e4162d7707111b42c4,95/100
https://thechoicervoicer.me/zh/voice-acting-sibilance-exercises/,08,Pass,5,"Six specific drill bodies, original example, playback checks and matching FAQ in served HTML",7eb775b8afcdab7e2b3826e4162d7707111b42c4,95/100
https://thechoicervoicer.me/zh/voice-acting-sibilance-exercises/,09,Pass,5,Canonical HTTP 200 and self-canonical verified,7eb775b8afcdab7e2b3826e4162d7707111b42c4,95/100
https://thechoicervoicer.me/zh/voice-acting-sibilance-exercises/,10,Pass,5,"Index/follow, robots allows crawling",7eb775b8afcdab7e2b3826e4162d7707111b42c4,95/100
https://thechoicervoicer.me/zh/voice-acting-sibilance-exercises/,11,Pass,5,Live sitemap 160 URLs with new lastmod 2026-10-02,7eb775b8afcdab7e2b3826e4162d7707111b42c4,95/100
https://thechoicervoicer.me/zh/voice-acting-sibilance-exercises/,12,Pass,5,"EN/zh-Hans/x-default and canonical, OG, schema agree",7eb775b8afcdab7e2b3826e4162d7707111b42c4,95/100
https://thechoicervoicer.me/zh/voice-acting-sibilance-exercises/,13,Pass,5,Working self-review routine and source-visible original examples,7eb775b8afcdab7e2b3826e4162d7707111b42c4,95/100
https://thechoicervoicer.me/zh/voice-acting-sibilance-exercises/,14,Pass,5,Per-route check/reset; full completion; reload/locale persistence; storage-denied boundary tests pass,7eb775b8afcdab7e2b3826e4162d7707111b42c4,95/100
https://thechoicervoicer.me/zh/voice-acting-sibilance-exercises/,15,Pass,5,60 production desktop/mobile checks plus targeted final Chinese layout recheck; no overflow/errors; image alt audited,7eb775b8afcdab7e2b3826e4162d7707111b42c4,95/100
https://thechoicervoicer.me/zh/voice-acting-sibilance-exercises/,16,Pass,5,Both live homepage source pages contain all 15 inbound links,7eb775b8afcdab7e2b3826e4162d7707111b42c4,95/100
https://thechoicervoicer.me/zh/voice-acting-sibilance-exercises/,17,Pass,5,78 unique live internal targets audited; parent and relevant sibling links,7eb775b8afcdab7e2b3826e4162d7707111b42c4,95/100
https://thechoicervoicer.me/zh/voice-acting-sibilance-exercises/,18,Pass,5,"Article, BreadcrumbList and FAQPage parse and correspond to visible text",7eb775b8afcdab7e2b3826e4162d7707111b42c4,95/100
https://thechoicervoicer.me/zh/voice-acting-sibilance-exercises/,19,Blocked,0,BLOCKED: Every URL has GA4 collect HTTP 204; original Realtime checks used an incorrect account route and returned no backend matches. Corrected route and pagination repair await extension reload/live result; docs/seo/external-checks-2026-10-02.json,7eb775b8afcdab7e2b3826e4162d7707111b42c4,95/100
https://thechoicervoicer.me/zh/voice-acting-sibilance-exercises/,20,Pass,5,"Source and Pages commit, exact release, tests, screenshots, contrast and Chinese layout fixes preserved",7eb775b8afcdab7e2b3826e4162d7707111b42c4,95/100
https://thechoicervoicer.me/zh/voice-over-pickup-exercises/,01,Pass,5,Unique intent/canonical map and explicit overlap boundaries in page briefs,7eb775b8afcdab7e2b3826e4162d7707111b42c4,95/100
https://thechoicervoicer.me/zh/voice-over-pickup-exercises/,02,Pass,5,18 current Web.Cafe query results with source IDs; Ahrefs default exemption,7eb775b8afcdab7e2b3826e4162d7707111b42c4,95/100
https://thechoicervoicer.me/zh/voice-over-pickup-exercises/,03,Pass,5,Post-live GeFei review; genre-specific guide and visible promise; inference and data gaps disclosed,7eb775b8afcdab7e2b3826e4162d7707111b42c4,95/100
https://thechoicervoicer.me/zh/voice-over-pickup-exercises/,04,Pass,5,"Six original drills, observable review, rights/privacy/comfort limits; no false automated assessment",7eb775b8afcdab7e2b3826e4162d7707111b42c4,95/100
https://thechoicervoicer.me/zh/voice-over-pickup-exercises/,05,Pass,5,Unique production Title audited for all 30 locale URLs,7eb775b8afcdab7e2b3826e4162d7707111b42c4,95/100
https://thechoicervoicer.me/zh/voice-over-pickup-exercises/,06,Pass,5,Unique concrete production Description audited,7eb775b8afcdab7e2b3826e4162d7707111b42c4,95/100
https://thechoicervoicer.me/zh/voice-over-pickup-exercises/,07,Pass,5,Exactly one source-visible H1,7eb775b8afcdab7e2b3826e4162d7707111b42c4,95/100
https://thechoicervoicer.me/zh/voice-over-pickup-exercises/,08,Pass,5,"Six specific drill bodies, original example, playback checks and matching FAQ in served HTML",7eb775b8afcdab7e2b3826e4162d7707111b42c4,95/100
https://thechoicervoicer.me/zh/voice-over-pickup-exercises/,09,Pass,5,Canonical HTTP 200 and self-canonical verified,7eb775b8afcdab7e2b3826e4162d7707111b42c4,95/100
https://thechoicervoicer.me/zh/voice-over-pickup-exercises/,10,Pass,5,"Index/follow, robots allows crawling",7eb775b8afcdab7e2b3826e4162d7707111b42c4,95/100
https://thechoicervoicer.me/zh/voice-over-pickup-exercises/,11,Pass,5,Live sitemap 160 URLs with new lastmod 2026-10-02,7eb775b8afcdab7e2b3826e4162d7707111b42c4,95/100
https://thechoicervoicer.me/zh/voice-over-pickup-exercises/,12,Pass,5,"EN/zh-Hans/x-default and canonical, OG, schema agree",7eb775b8afcdab7e2b3826e4162d7707111b42c4,95/100
https://thechoicervoicer.me/zh/voice-over-pickup-exercises/,13,Pass,5,Working self-review routine and source-visible original examples,7eb775b8afcdab7e2b3826e4162d7707111b42c4,95/100
https://thechoicervoicer.me/zh/voice-over-pickup-exercises/,14,Pass,5,Per-route check/reset; full completion; reload/locale persistence; storage-denied boundary tests pass,7eb775b8afcdab7e2b3826e4162d7707111b42c4,95/100
https://thechoicervoicer.me/zh/voice-over-pickup-exercises/,15,Pass,5,60 production desktop/mobile checks plus targeted final Chinese layout recheck; no overflow/errors; image alt audited,7eb775b8afcdab7e2b3826e4162d7707111b42c4,95/100
https://thechoicervoicer.me/zh/voice-over-pickup-exercises/,16,Pass,5,Both live homepage source pages contain all 15 inbound links,7eb775b8afcdab7e2b3826e4162d7707111b42c4,95/100
https://thechoicervoicer.me/zh/voice-over-pickup-exercises/,17,Pass,5,78 unique live internal targets audited; parent and relevant sibling links,7eb775b8afcdab7e2b3826e4162d7707111b42c4,95/100
https://thechoicervoicer.me/zh/voice-over-pickup-exercises/,18,Pass,5,"Article, BreadcrumbList and FAQPage parse and correspond to visible text",7eb775b8afcdab7e2b3826e4162d7707111b42c4,95/100
https://thechoicervoicer.me/zh/voice-over-pickup-exercises/,19,Blocked,0,BLOCKED: Every URL has GA4 collect HTTP 204; original Realtime checks used an incorrect account route and returned no backend matches. Corrected route and pagination repair await extension reload/live result; docs/seo/external-checks-2026-10-02.json,7eb775b8afcdab7e2b3826e4162d7707111b42c4,95/100
https://thechoicervoicer.me/zh/voice-over-pickup-exercises/,20,Pass,5,"Source and Pages commit, exact release, tests, screenshots, contrast and Chinese layout fixes preserved",7eb775b8afcdab7e2b3826e4162d7707111b42c4,95/100
https://thechoicervoicer.me/zh/voicemail-greeting-voice-exercises/,01,Pass,5,Unique intent/canonical map and explicit overlap boundaries in page briefs,7eb775b8afcdab7e2b3826e4162d7707111b42c4,95/100
https://thechoicervoicer.me/zh/voicemail-greeting-voice-exercises/,02,Pass,5,18 current Web.Cafe query results with source IDs; Ahrefs default exemption,7eb775b8afcdab7e2b3826e4162d7707111b42c4,95/100
https://thechoicervoicer.me/zh/voicemail-greeting-voice-exercises/,03,Pass,5,Post-live GeFei review; genre-specific guide and visible promise; inference and data gaps disclosed,7eb775b8afcdab7e2b3826e4162d7707111b42c4,95/100
https://thechoicervoicer.me/zh/voicemail-greeting-voice-exercises/,04,Pass,5,"Six original drills, observable review, rights/privacy/comfort limits; no false automated assessment",7eb775b8afcdab7e2b3826e4162d7707111b42c4,95/100
https://thechoicervoicer.me/zh/voicemail-greeting-voice-exercises/,05,Pass,5,Unique production Title audited for all 30 locale URLs,7eb775b8afcdab7e2b3826e4162d7707111b42c4,95/100
https://thechoicervoicer.me/zh/voicemail-greeting-voice-exercises/,06,Pass,5,Unique concrete production Description audited,7eb775b8afcdab7e2b3826e4162d7707111b42c4,95/100
https://thechoicervoicer.me/zh/voicemail-greeting-voice-exercises/,07,Pass,5,Exactly one source-visible H1,7eb775b8afcdab7e2b3826e4162d7707111b42c4,95/100
https://thechoicervoicer.me/zh/voicemail-greeting-voice-exercises/,08,Pass,5,"Six specific drill bodies, original example, playback checks and matching FAQ in served HTML",7eb775b8afcdab7e2b3826e4162d7707111b42c4,95/100
https://thechoicervoicer.me/zh/voicemail-greeting-voice-exercises/,09,Pass,5,Canonical HTTP 200 and self-canonical verified,7eb775b8afcdab7e2b3826e4162d7707111b42c4,95/100
https://thechoicervoicer.me/zh/voicemail-greeting-voice-exercises/,10,Pass,5,"Index/follow, robots allows crawling",7eb775b8afcdab7e2b3826e4162d7707111b42c4,95/100
https://thechoicervoicer.me/zh/voicemail-greeting-voice-exercises/,11,Pass,5,Live sitemap 160 URLs with new lastmod 2026-10-02,7eb775b8afcdab7e2b3826e4162d7707111b42c4,95/100
https://thechoicervoicer.me/zh/voicemail-greeting-voice-exercises/,12,Pass,5,"EN/zh-Hans/x-default and canonical, OG, schema agree",7eb775b8afcdab7e2b3826e4162d7707111b42c4,95/100
https://thechoicervoicer.me/zh/voicemail-greeting-voice-exercises/,13,Pass,5,Working self-review routine and source-visible original examples,7eb775b8afcdab7e2b3826e4162d7707111b42c4,95/100
https://thechoicervoicer.me/zh/voicemail-greeting-voice-exercises/,14,Pass,5,Per-route check/reset; full completion; reload/locale persistence; storage-denied boundary tests pass,7eb775b8afcdab7e2b3826e4162d7707111b42c4,95/100
https://thechoicervoicer.me/zh/voicemail-greeting-voice-exercises/,15,Pass,5,60 production desktop/mobile checks plus targeted final Chinese layout recheck; no overflow/errors; image alt audited,7eb775b8afcdab7e2b3826e4162d7707111b42c4,95/100
https://thechoicervoicer.me/zh/voicemail-greeting-voice-exercises/,16,Pass,5,Both live homepage source pages contain all 15 inbound links,7eb775b8afcdab7e2b3826e4162d7707111b42c4,95/100
https://thechoicervoicer.me/zh/voicemail-greeting-voice-exercises/,17,Pass,5,78 unique live internal targets audited; parent and relevant sibling links,7eb775b8afcdab7e2b3826e4162d7707111b42c4,95/100
https://thechoicervoicer.me/zh/voicemail-greeting-voice-exercises/,18,Pass,5,"Article, BreadcrumbList and FAQPage parse and correspond to visible text",7eb775b8afcdab7e2b3826e4162d7707111b42c4,95/100
https://thechoicervoicer.me/zh/voicemail-greeting-voice-exercises/,19,Blocked,0,BLOCKED: Every URL has GA4 collect HTTP 204; original Realtime checks used an incorrect account route and returned no backend matches. Corrected route and pagination repair await extension reload/live result; docs/seo/external-checks-2026-10-02.json,7eb775b8afcdab7e2b3826e4162d7707111b42c4,95/100
https://thechoicervoicer.me/zh/voicemail-greeting-voice-exercises/,20,Pass,5,"Source and Pages commit, exact release, tests, screenshots, contrast and Chinese layout fixes preserved",7eb775b8afcdab7e2b3826e4162d7707111b42c4,95/100
