batch_date,slot,keyword,canonical,locale,check_id,category,check,status,points,evidence
2026-10-03,1,bilingual voice acting exercises,https://thechoicervoicer.me/bilingual-voice-acting-exercises/,en,01,Intent And GeFei Alignment,Unique intent and canonical,Pass,5,docs/seo/post-live-gefei-review-2026-10-03.json; artifacts/production-qa-20261003.json
2026-10-03,1,bilingual voice acting exercises,https://thechoicervoicer.me/bilingual-voice-acting-exercises/,en,02,Intent And GeFei Alignment,Resolved Web.Cafe KD; Ahrefs skipped,Pass,5,docs/seo/post-live-gefei-review-2026-10-03.json; artifacts/production-qa-20261003.json
2026-10-03,1,bilingual voice acting exercises,https://thechoicervoicer.me/bilingual-voice-acting-exercises/,en,03,Intent And GeFei Alignment,"Guide promise, original steps and saved intent match",Pass,5,docs/seo/post-live-gefei-review-2026-10-03.json; artifacts/production-qa-20261003.json
2026-10-03,1,bilingual voice acting exercises,https://thechoicervoicer.me/bilingual-voice-acting-exercises/,en,04,Intent And GeFei Alignment,Real checklist; limitations explicit,Pass,5,docs/seo/post-live-gefei-review-2026-10-03.json; artifacts/production-qa-20261003.json
2026-10-03,1,bilingual voice acting exercises,https://thechoicervoicer.me/bilingual-voice-acting-exercises/,en,05,On-Page SEO,Unique concise title,Pass,5,artifacts/production-source-audit-20261003.json
2026-10-03,1,bilingual voice acting exercises,https://thechoicervoicer.me/bilingual-voice-acting-exercises/,en,06,On-Page SEO,Unique description,Pass,5,artifacts/production-source-audit-20261003.json
2026-10-03,1,bilingual voice acting exercises,https://thechoicervoicer.me/bilingual-voice-acting-exercises/,en,07,On-Page SEO,Single matching H1,Pass,5,artifacts/production-source-audit-20261003.json
2026-10-03,1,bilingual voice acting exercises,https://thechoicervoicer.me/bilingual-voice-acting-exercises/,en,08,On-Page SEO,"Source-visible steps, example, review, limits and FAQ",Pass,5,artifacts/production-source-audit-20261003.json
2026-10-03,1,bilingual voice acting exercises,https://thechoicervoicer.me/bilingual-voice-acting-exercises/,en,09,Technical Indexability,Production 200 and self canonical,Pass,5,artifacts/production-source-audit-20261003.json
2026-10-03,1,bilingual voice acting exercises,https://thechoicervoicer.me/bilingual-voice-acting-exercises/,en,10,Technical Indexability,Index/follow and crawlable robots,Pass,5,artifacts/production-source-audit-20261003.json
2026-10-03,1,bilingual voice acting exercises,https://thechoicervoicer.me/bilingual-voice-acting-exercises/,en,11,Technical Indexability,Sitemap entry; actual publication lastmod 2026-10-04,Pass,5,artifacts/production-source-audit-20261003.json
2026-10-03,1,bilingual voice acting exercises,https://thechoicervoicer.me/bilingual-voice-acting-exercises/,en,12,Technical Indexability,"Locale, hreflang, OG, schema and directory URL agree",Pass,5,artifacts/production-source-audit-20261003.json
2026-10-03,1,bilingual voice acting exercises,https://thechoicervoicer.me/bilingual-voice-acting-exercises/,en,13,Product And UX,Usable checklist and original guide,Pass,5,artifacts/production-qa-20261003.json; artifacts/playwright-20261003/; tests/e2e/practice.spec.ts
2026-10-03,1,bilingual voice acting exercises,https://thechoicervoicer.me/bilingual-voice-acting-exercises/,en,14,Product And UX,"Malformed saved state, partial progress, all-six and reset verified",Pass,5,artifacts/production-qa-20261003.json; artifacts/playwright-20261003/; tests/e2e/practice.spec.ts
2026-10-03,1,bilingual voice acting exercises,https://thechoicervoicer.me/bilingual-voice-acting-exercises/,en,15,Product And UX,Desktop/mobile: no overflow or first-party failure; image alt coverage,Pass,5,artifacts/production-qa-20261003.json; artifacts/playwright-20261003/; tests/e2e/practice.spec.ts
2026-10-03,1,bilingual voice acting exercises,https://thechoicervoicer.me/bilingual-voice-acting-exercises/,en,16,Internal Links And Schema,Source-visible topic-hub inbound link; homepage links to hub,Pass,5,artifacts/production-source-audit-20261003.json
2026-10-03,1,bilingual voice acting exercises,https://thechoicervoicer.me/bilingual-voice-acting-exercises/,en,17,Internal Links And Schema,"Parent, hub and relevant siblings return 200",Pass,5,artifacts/production-source-audit-20261003.json
2026-10-03,1,bilingual voice acting exercises,https://thechoicervoicer.me/bilingual-voice-acting-exercises/,en,18,Internal Links And Schema,"Article, breadcrumb and FAQ match visible content",Pass,5,artifacts/production-source-audit-20261003.json
2026-10-03,1,bilingual voice acting exercises,https://thechoicervoicer.me/bilingual-voice-acting-exercises/,en,19,Analytics And Trust,GA4 correct-ID transport; Realtime evidence pending shared FIFO,Not checked,0,artifacts/production-qa-20261003.json; thechoicervoicer-20261003-15-ga4-verify-v1 queued; no Realtime receipt
2026-10-03,1,bilingual voice acting exercises,https://thechoicervoicer.me/bilingual-voice-acting-exercises/,en,20,Analytics And Trust,"Source, exact deployment commit, production QA and fixes recorded",Pass,5,source 06b17136f91fea1ffaeee948165c0c405de57a0f; Pages 7b941f4962cd4bddd1e1c6ea002e62ab97c3f6d7; docs/inner-page-release-ledger-2026-10-03.md
2026-10-03,1,bilingual voice acting exercises,https://thechoicervoicer.me/zh/bilingual-voice-acting-exercises/,zh-Hans,01,Intent And GeFei Alignment,Unique intent and canonical,Pass,5,docs/seo/post-live-gefei-review-2026-10-03.json; artifacts/production-qa-20261003.json
2026-10-03,1,bilingual voice acting exercises,https://thechoicervoicer.me/zh/bilingual-voice-acting-exercises/,zh-Hans,02,Intent And GeFei Alignment,Resolved Web.Cafe KD; Ahrefs skipped,Pass,5,docs/seo/post-live-gefei-review-2026-10-03.json; artifacts/production-qa-20261003.json
2026-10-03,1,bilingual voice acting exercises,https://thechoicervoicer.me/zh/bilingual-voice-acting-exercises/,zh-Hans,03,Intent And GeFei Alignment,"Guide promise, original steps and saved intent match",Pass,5,docs/seo/post-live-gefei-review-2026-10-03.json; artifacts/production-qa-20261003.json
2026-10-03,1,bilingual voice acting exercises,https://thechoicervoicer.me/zh/bilingual-voice-acting-exercises/,zh-Hans,04,Intent And GeFei Alignment,Real checklist; limitations explicit,Pass,5,docs/seo/post-live-gefei-review-2026-10-03.json; artifacts/production-qa-20261003.json
2026-10-03,1,bilingual voice acting exercises,https://thechoicervoicer.me/zh/bilingual-voice-acting-exercises/,zh-Hans,05,On-Page SEO,Unique concise title,Pass,5,artifacts/production-source-audit-20261003.json
2026-10-03,1,bilingual voice acting exercises,https://thechoicervoicer.me/zh/bilingual-voice-acting-exercises/,zh-Hans,06,On-Page SEO,Unique description,Pass,5,artifacts/production-source-audit-20261003.json
2026-10-03,1,bilingual voice acting exercises,https://thechoicervoicer.me/zh/bilingual-voice-acting-exercises/,zh-Hans,07,On-Page SEO,Single matching H1,Pass,5,artifacts/production-source-audit-20261003.json
2026-10-03,1,bilingual voice acting exercises,https://thechoicervoicer.me/zh/bilingual-voice-acting-exercises/,zh-Hans,08,On-Page SEO,"Source-visible steps, example, review, limits and FAQ",Pass,5,artifacts/production-source-audit-20261003.json
2026-10-03,1,bilingual voice acting exercises,https://thechoicervoicer.me/zh/bilingual-voice-acting-exercises/,zh-Hans,09,Technical Indexability,Production 200 and self canonical,Pass,5,artifacts/production-source-audit-20261003.json
2026-10-03,1,bilingual voice acting exercises,https://thechoicervoicer.me/zh/bilingual-voice-acting-exercises/,zh-Hans,10,Technical Indexability,Index/follow and crawlable robots,Pass,5,artifacts/production-source-audit-20261003.json
2026-10-03,1,bilingual voice acting exercises,https://thechoicervoicer.me/zh/bilingual-voice-acting-exercises/,zh-Hans,11,Technical Indexability,Sitemap entry; actual publication lastmod 2026-10-04,Pass,5,artifacts/production-source-audit-20261003.json
2026-10-03,1,bilingual voice acting exercises,https://thechoicervoicer.me/zh/bilingual-voice-acting-exercises/,zh-Hans,12,Technical Indexability,"Locale, hreflang, OG, schema and directory URL agree",Pass,5,artifacts/production-source-audit-20261003.json
2026-10-03,1,bilingual voice acting exercises,https://thechoicervoicer.me/zh/bilingual-voice-acting-exercises/,zh-Hans,13,Product And UX,Usable checklist and original guide,Pass,5,artifacts/production-qa-20261003.json; artifacts/playwright-20261003/; tests/e2e/practice.spec.ts
2026-10-03,1,bilingual voice acting exercises,https://thechoicervoicer.me/zh/bilingual-voice-acting-exercises/,zh-Hans,14,Product And UX,"Malformed saved state, partial progress, all-six and reset verified",Pass,5,artifacts/production-qa-20261003.json; artifacts/playwright-20261003/; tests/e2e/practice.spec.ts
2026-10-03,1,bilingual voice acting exercises,https://thechoicervoicer.me/zh/bilingual-voice-acting-exercises/,zh-Hans,15,Product And UX,Desktop/mobile: no overflow or first-party failure; image alt coverage,Pass,5,artifacts/production-qa-20261003.json; artifacts/playwright-20261003/; tests/e2e/practice.spec.ts
2026-10-03,1,bilingual voice acting exercises,https://thechoicervoicer.me/zh/bilingual-voice-acting-exercises/,zh-Hans,16,Internal Links And Schema,Source-visible topic-hub inbound link; homepage links to hub,Pass,5,artifacts/production-source-audit-20261003.json
2026-10-03,1,bilingual voice acting exercises,https://thechoicervoicer.me/zh/bilingual-voice-acting-exercises/,zh-Hans,17,Internal Links And Schema,"Parent, hub and relevant siblings return 200",Pass,5,artifacts/production-source-audit-20261003.json
2026-10-03,1,bilingual voice acting exercises,https://thechoicervoicer.me/zh/bilingual-voice-acting-exercises/,zh-Hans,18,Internal Links And Schema,"Article, breadcrumb and FAQ match visible content",Pass,5,artifacts/production-source-audit-20261003.json
2026-10-03,1,bilingual voice acting exercises,https://thechoicervoicer.me/zh/bilingual-voice-acting-exercises/,zh-Hans,19,Analytics And Trust,GA4 correct-ID transport; Realtime evidence pending shared FIFO,Not checked,0,artifacts/production-qa-20261003.json; thechoicervoicer-20261003-15-ga4-verify-v1 queued; no Realtime receipt
2026-10-03,1,bilingual voice acting exercises,https://thechoicervoicer.me/zh/bilingual-voice-acting-exercises/,zh-Hans,20,Analytics And Trust,"Source, exact deployment commit, production QA and fixes recorded",Pass,5,source 06b17136f91fea1ffaeee948165c0c405de57a0f; Pages 7b941f4962cd4bddd1e1c6ea002e62ab97c3f6d7; docs/inner-page-release-ledger-2026-10-03.md
2026-10-03,2,voice over demo reel exercises,https://thechoicervoicer.me/voice-over-demo-reel-exercises/,en,01,Intent And GeFei Alignment,Unique intent and canonical,Pass,5,docs/seo/post-live-gefei-review-2026-10-03.json; artifacts/production-qa-20261003.json
2026-10-03,2,voice over demo reel exercises,https://thechoicervoicer.me/voice-over-demo-reel-exercises/,en,02,Intent And GeFei Alignment,Resolved Web.Cafe KD; Ahrefs skipped,Pass,5,docs/seo/post-live-gefei-review-2026-10-03.json; artifacts/production-qa-20261003.json
2026-10-03,2,voice over demo reel exercises,https://thechoicervoicer.me/voice-over-demo-reel-exercises/,en,03,Intent And GeFei Alignment,"Guide promise, original steps and saved intent match",Pass,5,docs/seo/post-live-gefei-review-2026-10-03.json; artifacts/production-qa-20261003.json
2026-10-03,2,voice over demo reel exercises,https://thechoicervoicer.me/voice-over-demo-reel-exercises/,en,04,Intent And GeFei Alignment,Real checklist; limitations explicit,Pass,5,docs/seo/post-live-gefei-review-2026-10-03.json; artifacts/production-qa-20261003.json
2026-10-03,2,voice over demo reel exercises,https://thechoicervoicer.me/voice-over-demo-reel-exercises/,en,05,On-Page SEO,Unique concise title,Pass,5,artifacts/production-source-audit-20261003.json
2026-10-03,2,voice over demo reel exercises,https://thechoicervoicer.me/voice-over-demo-reel-exercises/,en,06,On-Page SEO,Unique description,Pass,5,artifacts/production-source-audit-20261003.json
2026-10-03,2,voice over demo reel exercises,https://thechoicervoicer.me/voice-over-demo-reel-exercises/,en,07,On-Page SEO,Single matching H1,Pass,5,artifacts/production-source-audit-20261003.json
2026-10-03,2,voice over demo reel exercises,https://thechoicervoicer.me/voice-over-demo-reel-exercises/,en,08,On-Page SEO,"Source-visible steps, example, review, limits and FAQ",Pass,5,artifacts/production-source-audit-20261003.json
2026-10-03,2,voice over demo reel exercises,https://thechoicervoicer.me/voice-over-demo-reel-exercises/,en,09,Technical Indexability,Production 200 and self canonical,Pass,5,artifacts/production-source-audit-20261003.json
2026-10-03,2,voice over demo reel exercises,https://thechoicervoicer.me/voice-over-demo-reel-exercises/,en,10,Technical Indexability,Index/follow and crawlable robots,Pass,5,artifacts/production-source-audit-20261003.json
2026-10-03,2,voice over demo reel exercises,https://thechoicervoicer.me/voice-over-demo-reel-exercises/,en,11,Technical Indexability,Sitemap entry; actual publication lastmod 2026-10-04,Pass,5,artifacts/production-source-audit-20261003.json
2026-10-03,2,voice over demo reel exercises,https://thechoicervoicer.me/voice-over-demo-reel-exercises/,en,12,Technical Indexability,"Locale, hreflang, OG, schema and directory URL agree",Pass,5,artifacts/production-source-audit-20261003.json
2026-10-03,2,voice over demo reel exercises,https://thechoicervoicer.me/voice-over-demo-reel-exercises/,en,13,Product And UX,Usable checklist and original guide,Pass,5,artifacts/production-qa-20261003.json; artifacts/playwright-20261003/; tests/e2e/practice.spec.ts
2026-10-03,2,voice over demo reel exercises,https://thechoicervoicer.me/voice-over-demo-reel-exercises/,en,14,Product And UX,"Malformed saved state, partial progress, all-six and reset verified",Pass,5,artifacts/production-qa-20261003.json; artifacts/playwright-20261003/; tests/e2e/practice.spec.ts
2026-10-03,2,voice over demo reel exercises,https://thechoicervoicer.me/voice-over-demo-reel-exercises/,en,15,Product And UX,Desktop/mobile: no overflow or first-party failure; image alt coverage,Pass,5,artifacts/production-qa-20261003.json; artifacts/playwright-20261003/; tests/e2e/practice.spec.ts
2026-10-03,2,voice over demo reel exercises,https://thechoicervoicer.me/voice-over-demo-reel-exercises/,en,16,Internal Links And Schema,Source-visible topic-hub inbound link; homepage links to hub,Pass,5,artifacts/production-source-audit-20261003.json
2026-10-03,2,voice over demo reel exercises,https://thechoicervoicer.me/voice-over-demo-reel-exercises/,en,17,Internal Links And Schema,"Parent, hub and relevant siblings return 200",Pass,5,artifacts/production-source-audit-20261003.json
2026-10-03,2,voice over demo reel exercises,https://thechoicervoicer.me/voice-over-demo-reel-exercises/,en,18,Internal Links And Schema,"Article, breadcrumb and FAQ match visible content",Pass,5,artifacts/production-source-audit-20261003.json
2026-10-03,2,voice over demo reel exercises,https://thechoicervoicer.me/voice-over-demo-reel-exercises/,en,19,Analytics And Trust,GA4 correct-ID transport; Realtime evidence pending shared FIFO,Not checked,0,artifacts/production-qa-20261003.json; thechoicervoicer-20261003-15-ga4-verify-v1 queued; no Realtime receipt
2026-10-03,2,voice over demo reel exercises,https://thechoicervoicer.me/voice-over-demo-reel-exercises/,en,20,Analytics And Trust,"Source, exact deployment commit, production QA and fixes recorded",Pass,5,source 06b17136f91fea1ffaeee948165c0c405de57a0f; Pages 7b941f4962cd4bddd1e1c6ea002e62ab97c3f6d7; docs/inner-page-release-ledger-2026-10-03.md
2026-10-03,2,voice over demo reel exercises,https://thechoicervoicer.me/zh/voice-over-demo-reel-exercises/,zh-Hans,01,Intent And GeFei Alignment,Unique intent and canonical,Pass,5,docs/seo/post-live-gefei-review-2026-10-03.json; artifacts/production-qa-20261003.json
2026-10-03,2,voice over demo reel exercises,https://thechoicervoicer.me/zh/voice-over-demo-reel-exercises/,zh-Hans,02,Intent And GeFei Alignment,Resolved Web.Cafe KD; Ahrefs skipped,Pass,5,docs/seo/post-live-gefei-review-2026-10-03.json; artifacts/production-qa-20261003.json
2026-10-03,2,voice over demo reel exercises,https://thechoicervoicer.me/zh/voice-over-demo-reel-exercises/,zh-Hans,03,Intent And GeFei Alignment,"Guide promise, original steps and saved intent match",Pass,5,docs/seo/post-live-gefei-review-2026-10-03.json; artifacts/production-qa-20261003.json
2026-10-03,2,voice over demo reel exercises,https://thechoicervoicer.me/zh/voice-over-demo-reel-exercises/,zh-Hans,04,Intent And GeFei Alignment,Real checklist; limitations explicit,Pass,5,docs/seo/post-live-gefei-review-2026-10-03.json; artifacts/production-qa-20261003.json
2026-10-03,2,voice over demo reel exercises,https://thechoicervoicer.me/zh/voice-over-demo-reel-exercises/,zh-Hans,05,On-Page SEO,Unique concise title,Pass,5,artifacts/production-source-audit-20261003.json
2026-10-03,2,voice over demo reel exercises,https://thechoicervoicer.me/zh/voice-over-demo-reel-exercises/,zh-Hans,06,On-Page SEO,Unique description,Pass,5,artifacts/production-source-audit-20261003.json
2026-10-03,2,voice over demo reel exercises,https://thechoicervoicer.me/zh/voice-over-demo-reel-exercises/,zh-Hans,07,On-Page SEO,Single matching H1,Pass,5,artifacts/production-source-audit-20261003.json
2026-10-03,2,voice over demo reel exercises,https://thechoicervoicer.me/zh/voice-over-demo-reel-exercises/,zh-Hans,08,On-Page SEO,"Source-visible steps, example, review, limits and FAQ",Pass,5,artifacts/production-source-audit-20261003.json
2026-10-03,2,voice over demo reel exercises,https://thechoicervoicer.me/zh/voice-over-demo-reel-exercises/,zh-Hans,09,Technical Indexability,Production 200 and self canonical,Pass,5,artifacts/production-source-audit-20261003.json
2026-10-03,2,voice over demo reel exercises,https://thechoicervoicer.me/zh/voice-over-demo-reel-exercises/,zh-Hans,10,Technical Indexability,Index/follow and crawlable robots,Pass,5,artifacts/production-source-audit-20261003.json
2026-10-03,2,voice over demo reel exercises,https://thechoicervoicer.me/zh/voice-over-demo-reel-exercises/,zh-Hans,11,Technical Indexability,Sitemap entry; actual publication lastmod 2026-10-04,Pass,5,artifacts/production-source-audit-20261003.json
2026-10-03,2,voice over demo reel exercises,https://thechoicervoicer.me/zh/voice-over-demo-reel-exercises/,zh-Hans,12,Technical Indexability,"Locale, hreflang, OG, schema and directory URL agree",Pass,5,artifacts/production-source-audit-20261003.json
2026-10-03,2,voice over demo reel exercises,https://thechoicervoicer.me/zh/voice-over-demo-reel-exercises/,zh-Hans,13,Product And UX,Usable checklist and original guide,Pass,5,artifacts/production-qa-20261003.json; artifacts/playwright-20261003/; tests/e2e/practice.spec.ts
2026-10-03,2,voice over demo reel exercises,https://thechoicervoicer.me/zh/voice-over-demo-reel-exercises/,zh-Hans,14,Product And UX,"Malformed saved state, partial progress, all-six and reset verified",Pass,5,artifacts/production-qa-20261003.json; artifacts/playwright-20261003/; tests/e2e/practice.spec.ts
2026-10-03,2,voice over demo reel exercises,https://thechoicervoicer.me/zh/voice-over-demo-reel-exercises/,zh-Hans,15,Product And UX,Desktop/mobile: no overflow or first-party failure; image alt coverage,Pass,5,artifacts/production-qa-20261003.json; artifacts/playwright-20261003/; tests/e2e/practice.spec.ts
2026-10-03,2,voice over demo reel exercises,https://thechoicervoicer.me/zh/voice-over-demo-reel-exercises/,zh-Hans,16,Internal Links And Schema,Source-visible topic-hub inbound link; homepage links to hub,Pass,5,artifacts/production-source-audit-20261003.json
2026-10-03,2,voice over demo reel exercises,https://thechoicervoicer.me/zh/voice-over-demo-reel-exercises/,zh-Hans,17,Internal Links And Schema,"Parent, hub and relevant siblings return 200",Pass,5,artifacts/production-source-audit-20261003.json
2026-10-03,2,voice over demo reel exercises,https://thechoicervoicer.me/zh/voice-over-demo-reel-exercises/,zh-Hans,18,Internal Links And Schema,"Article, breadcrumb and FAQ match visible content",Pass,5,artifacts/production-source-audit-20261003.json
2026-10-03,2,voice over demo reel exercises,https://thechoicervoicer.me/zh/voice-over-demo-reel-exercises/,zh-Hans,19,Analytics And Trust,GA4 correct-ID transport; Realtime evidence pending shared FIFO,Not checked,0,artifacts/production-qa-20261003.json; thechoicervoicer-20261003-15-ga4-verify-v1 queued; no Realtime receipt
2026-10-03,2,voice over demo reel exercises,https://thechoicervoicer.me/zh/voice-over-demo-reel-exercises/,zh-Hans,20,Analytics And Trust,"Source, exact deployment commit, production QA and fixes recorded",Pass,5,source 06b17136f91fea1ffaeee948165c0c405de57a0f; Pages 7b941f4962cd4bddd1e1c6ea002e62ab97c3f6d7; docs/inner-page-release-ledger-2026-10-03.md
2026-10-03,3,voice acting vocal texture exercises,https://thechoicervoicer.me/voice-acting-vocal-texture-exercises/,en,01,Intent And GeFei Alignment,Unique intent and canonical,Pass,5,docs/seo/post-live-gefei-review-2026-10-03.json; artifacts/production-qa-20261003.json
2026-10-03,3,voice acting vocal texture exercises,https://thechoicervoicer.me/voice-acting-vocal-texture-exercises/,en,02,Intent And GeFei Alignment,Resolved Web.Cafe KD; Ahrefs skipped,Pass,5,docs/seo/post-live-gefei-review-2026-10-03.json; artifacts/production-qa-20261003.json
2026-10-03,3,voice acting vocal texture exercises,https://thechoicervoicer.me/voice-acting-vocal-texture-exercises/,en,03,Intent And GeFei Alignment,"Guide promise, original steps and saved intent match",Pass,5,docs/seo/post-live-gefei-review-2026-10-03.json; artifacts/production-qa-20261003.json
2026-10-03,3,voice acting vocal texture exercises,https://thechoicervoicer.me/voice-acting-vocal-texture-exercises/,en,04,Intent And GeFei Alignment,Real checklist; limitations explicit,Pass,5,docs/seo/post-live-gefei-review-2026-10-03.json; artifacts/production-qa-20261003.json
2026-10-03,3,voice acting vocal texture exercises,https://thechoicervoicer.me/voice-acting-vocal-texture-exercises/,en,05,On-Page SEO,Unique concise title,Pass,5,artifacts/production-source-audit-20261003.json
2026-10-03,3,voice acting vocal texture exercises,https://thechoicervoicer.me/voice-acting-vocal-texture-exercises/,en,06,On-Page SEO,Unique description,Pass,5,artifacts/production-source-audit-20261003.json
2026-10-03,3,voice acting vocal texture exercises,https://thechoicervoicer.me/voice-acting-vocal-texture-exercises/,en,07,On-Page SEO,Single matching H1,Pass,5,artifacts/production-source-audit-20261003.json
2026-10-03,3,voice acting vocal texture exercises,https://thechoicervoicer.me/voice-acting-vocal-texture-exercises/,en,08,On-Page SEO,"Source-visible steps, example, review, limits and FAQ",Pass,5,artifacts/production-source-audit-20261003.json
2026-10-03,3,voice acting vocal texture exercises,https://thechoicervoicer.me/voice-acting-vocal-texture-exercises/,en,09,Technical Indexability,Production 200 and self canonical,Pass,5,artifacts/production-source-audit-20261003.json
2026-10-03,3,voice acting vocal texture exercises,https://thechoicervoicer.me/voice-acting-vocal-texture-exercises/,en,10,Technical Indexability,Index/follow and crawlable robots,Pass,5,artifacts/production-source-audit-20261003.json
2026-10-03,3,voice acting vocal texture exercises,https://thechoicervoicer.me/voice-acting-vocal-texture-exercises/,en,11,Technical Indexability,Sitemap entry; actual publication lastmod 2026-10-04,Pass,5,artifacts/production-source-audit-20261003.json
2026-10-03,3,voice acting vocal texture exercises,https://thechoicervoicer.me/voice-acting-vocal-texture-exercises/,en,12,Technical Indexability,"Locale, hreflang, OG, schema and directory URL agree",Pass,5,artifacts/production-source-audit-20261003.json
2026-10-03,3,voice acting vocal texture exercises,https://thechoicervoicer.me/voice-acting-vocal-texture-exercises/,en,13,Product And UX,Usable checklist and original guide,Pass,5,artifacts/production-qa-20261003.json; artifacts/playwright-20261003/; tests/e2e/practice.spec.ts
2026-10-03,3,voice acting vocal texture exercises,https://thechoicervoicer.me/voice-acting-vocal-texture-exercises/,en,14,Product And UX,"Malformed saved state, partial progress, all-six and reset verified",Pass,5,artifacts/production-qa-20261003.json; artifacts/playwright-20261003/; tests/e2e/practice.spec.ts
2026-10-03,3,voice acting vocal texture exercises,https://thechoicervoicer.me/voice-acting-vocal-texture-exercises/,en,15,Product And UX,Desktop/mobile: no overflow or first-party failure; image alt coverage,Pass,5,artifacts/production-qa-20261003.json; artifacts/playwright-20261003/; tests/e2e/practice.spec.ts
2026-10-03,3,voice acting vocal texture exercises,https://thechoicervoicer.me/voice-acting-vocal-texture-exercises/,en,16,Internal Links And Schema,Source-visible topic-hub inbound link; homepage links to hub,Pass,5,artifacts/production-source-audit-20261003.json
2026-10-03,3,voice acting vocal texture exercises,https://thechoicervoicer.me/voice-acting-vocal-texture-exercises/,en,17,Internal Links And Schema,"Parent, hub and relevant siblings return 200",Pass,5,artifacts/production-source-audit-20261003.json
2026-10-03,3,voice acting vocal texture exercises,https://thechoicervoicer.me/voice-acting-vocal-texture-exercises/,en,18,Internal Links And Schema,"Article, breadcrumb and FAQ match visible content",Pass,5,artifacts/production-source-audit-20261003.json
2026-10-03,3,voice acting vocal texture exercises,https://thechoicervoicer.me/voice-acting-vocal-texture-exercises/,en,19,Analytics And Trust,GA4 correct-ID transport; Realtime evidence pending shared FIFO,Not checked,0,artifacts/production-qa-20261003.json; thechoicervoicer-20261003-15-ga4-verify-v1 queued; no Realtime receipt
2026-10-03,3,voice acting vocal texture exercises,https://thechoicervoicer.me/voice-acting-vocal-texture-exercises/,en,20,Analytics And Trust,"Source, exact deployment commit, production QA and fixes recorded",Pass,5,source 06b17136f91fea1ffaeee948165c0c405de57a0f; Pages 7b941f4962cd4bddd1e1c6ea002e62ab97c3f6d7; docs/inner-page-release-ledger-2026-10-03.md
2026-10-03,3,voice acting vocal texture exercises,https://thechoicervoicer.me/zh/voice-acting-vocal-texture-exercises/,zh-Hans,01,Intent And GeFei Alignment,Unique intent and canonical,Pass,5,docs/seo/post-live-gefei-review-2026-10-03.json; artifacts/production-qa-20261003.json
2026-10-03,3,voice acting vocal texture exercises,https://thechoicervoicer.me/zh/voice-acting-vocal-texture-exercises/,zh-Hans,02,Intent And GeFei Alignment,Resolved Web.Cafe KD; Ahrefs skipped,Pass,5,docs/seo/post-live-gefei-review-2026-10-03.json; artifacts/production-qa-20261003.json
2026-10-03,3,voice acting vocal texture exercises,https://thechoicervoicer.me/zh/voice-acting-vocal-texture-exercises/,zh-Hans,03,Intent And GeFei Alignment,"Guide promise, original steps and saved intent match",Pass,5,docs/seo/post-live-gefei-review-2026-10-03.json; artifacts/production-qa-20261003.json
2026-10-03,3,voice acting vocal texture exercises,https://thechoicervoicer.me/zh/voice-acting-vocal-texture-exercises/,zh-Hans,04,Intent And GeFei Alignment,Real checklist; limitations explicit,Pass,5,docs/seo/post-live-gefei-review-2026-10-03.json; artifacts/production-qa-20261003.json
2026-10-03,3,voice acting vocal texture exercises,https://thechoicervoicer.me/zh/voice-acting-vocal-texture-exercises/,zh-Hans,05,On-Page SEO,Unique concise title,Pass,5,artifacts/production-source-audit-20261003.json
2026-10-03,3,voice acting vocal texture exercises,https://thechoicervoicer.me/zh/voice-acting-vocal-texture-exercises/,zh-Hans,06,On-Page SEO,Unique description,Pass,5,artifacts/production-source-audit-20261003.json
2026-10-03,3,voice acting vocal texture exercises,https://thechoicervoicer.me/zh/voice-acting-vocal-texture-exercises/,zh-Hans,07,On-Page SEO,Single matching H1,Pass,5,artifacts/production-source-audit-20261003.json
2026-10-03,3,voice acting vocal texture exercises,https://thechoicervoicer.me/zh/voice-acting-vocal-texture-exercises/,zh-Hans,08,On-Page SEO,"Source-visible steps, example, review, limits and FAQ",Pass,5,artifacts/production-source-audit-20261003.json
2026-10-03,3,voice acting vocal texture exercises,https://thechoicervoicer.me/zh/voice-acting-vocal-texture-exercises/,zh-Hans,09,Technical Indexability,Production 200 and self canonical,Pass,5,artifacts/production-source-audit-20261003.json
2026-10-03,3,voice acting vocal texture exercises,https://thechoicervoicer.me/zh/voice-acting-vocal-texture-exercises/,zh-Hans,10,Technical Indexability,Index/follow and crawlable robots,Pass,5,artifacts/production-source-audit-20261003.json
2026-10-03,3,voice acting vocal texture exercises,https://thechoicervoicer.me/zh/voice-acting-vocal-texture-exercises/,zh-Hans,11,Technical Indexability,Sitemap entry; actual publication lastmod 2026-10-04,Pass,5,artifacts/production-source-audit-20261003.json
2026-10-03,3,voice acting vocal texture exercises,https://thechoicervoicer.me/zh/voice-acting-vocal-texture-exercises/,zh-Hans,12,Technical Indexability,"Locale, hreflang, OG, schema and directory URL agree",Pass,5,artifacts/production-source-audit-20261003.json
2026-10-03,3,voice acting vocal texture exercises,https://thechoicervoicer.me/zh/voice-acting-vocal-texture-exercises/,zh-Hans,13,Product And UX,Usable checklist and original guide,Pass,5,artifacts/production-qa-20261003.json; artifacts/playwright-20261003/; tests/e2e/practice.spec.ts
2026-10-03,3,voice acting vocal texture exercises,https://thechoicervoicer.me/zh/voice-acting-vocal-texture-exercises/,zh-Hans,14,Product And UX,"Malformed saved state, partial progress, all-six and reset verified",Pass,5,artifacts/production-qa-20261003.json; artifacts/playwright-20261003/; tests/e2e/practice.spec.ts
2026-10-03,3,voice acting vocal texture exercises,https://thechoicervoicer.me/zh/voice-acting-vocal-texture-exercises/,zh-Hans,15,Product And UX,Desktop/mobile: no overflow or first-party failure; image alt coverage,Pass,5,artifacts/production-qa-20261003.json; artifacts/playwright-20261003/; tests/e2e/practice.spec.ts
2026-10-03,3,voice acting vocal texture exercises,https://thechoicervoicer.me/zh/voice-acting-vocal-texture-exercises/,zh-Hans,16,Internal Links And Schema,Source-visible topic-hub inbound link; homepage links to hub,Pass,5,artifacts/production-source-audit-20261003.json
2026-10-03,3,voice acting vocal texture exercises,https://thechoicervoicer.me/zh/voice-acting-vocal-texture-exercises/,zh-Hans,17,Internal Links And Schema,"Parent, hub and relevant siblings return 200",Pass,5,artifacts/production-source-audit-20261003.json
2026-10-03,3,voice acting vocal texture exercises,https://thechoicervoicer.me/zh/voice-acting-vocal-texture-exercises/,zh-Hans,18,Internal Links And Schema,"Article, breadcrumb and FAQ match visible content",Pass,5,artifacts/production-source-audit-20261003.json
2026-10-03,3,voice acting vocal texture exercises,https://thechoicervoicer.me/zh/voice-acting-vocal-texture-exercises/,zh-Hans,19,Analytics And Trust,GA4 correct-ID transport; Realtime evidence pending shared FIFO,Not checked,0,artifacts/production-qa-20261003.json; thechoicervoicer-20261003-15-ga4-verify-v1 queued; no Realtime receipt
2026-10-03,3,voice acting vocal texture exercises,https://thechoicervoicer.me/zh/voice-acting-vocal-texture-exercises/,zh-Hans,20,Analytics And Trust,"Source, exact deployment commit, production QA and fixes recorded",Pass,5,source 06b17136f91fea1ffaeee948165c0c405de57a0f; Pages 7b941f4962cd4bddd1e1c6ea002e62ab97c3f6d7; docs/inner-page-release-ledger-2026-10-03.md
2026-10-03,4,voice over equipment setup,https://thechoicervoicer.me/voice-over-equipment-setup/,en,01,Intent And GeFei Alignment,Unique intent and canonical,Pass,5,docs/seo/post-live-gefei-review-2026-10-03.json; artifacts/production-qa-20261003.json
2026-10-03,4,voice over equipment setup,https://thechoicervoicer.me/voice-over-equipment-setup/,en,02,Intent And GeFei Alignment,Resolved Web.Cafe KD; Ahrefs skipped,Pass,5,docs/seo/post-live-gefei-review-2026-10-03.json; artifacts/production-qa-20261003.json
2026-10-03,4,voice over equipment setup,https://thechoicervoicer.me/voice-over-equipment-setup/,en,03,Intent And GeFei Alignment,"Guide promise, original steps and saved intent match",Pass,5,docs/seo/post-live-gefei-review-2026-10-03.json; artifacts/production-qa-20261003.json
2026-10-03,4,voice over equipment setup,https://thechoicervoicer.me/voice-over-equipment-setup/,en,04,Intent And GeFei Alignment,Real checklist; limitations explicit,Pass,5,docs/seo/post-live-gefei-review-2026-10-03.json; artifacts/production-qa-20261003.json
2026-10-03,4,voice over equipment setup,https://thechoicervoicer.me/voice-over-equipment-setup/,en,05,On-Page SEO,Unique concise title,Pass,5,artifacts/production-source-audit-20261003.json
2026-10-03,4,voice over equipment setup,https://thechoicervoicer.me/voice-over-equipment-setup/,en,06,On-Page SEO,Unique description,Pass,5,artifacts/production-source-audit-20261003.json
2026-10-03,4,voice over equipment setup,https://thechoicervoicer.me/voice-over-equipment-setup/,en,07,On-Page SEO,Single matching H1,Pass,5,artifacts/production-source-audit-20261003.json
2026-10-03,4,voice over equipment setup,https://thechoicervoicer.me/voice-over-equipment-setup/,en,08,On-Page SEO,"Source-visible steps, example, review, limits and FAQ",Pass,5,artifacts/production-source-audit-20261003.json
2026-10-03,4,voice over equipment setup,https://thechoicervoicer.me/voice-over-equipment-setup/,en,09,Technical Indexability,Production 200 and self canonical,Pass,5,artifacts/production-source-audit-20261003.json
2026-10-03,4,voice over equipment setup,https://thechoicervoicer.me/voice-over-equipment-setup/,en,10,Technical Indexability,Index/follow and crawlable robots,Pass,5,artifacts/production-source-audit-20261003.json
2026-10-03,4,voice over equipment setup,https://thechoicervoicer.me/voice-over-equipment-setup/,en,11,Technical Indexability,Sitemap entry; actual publication lastmod 2026-10-04,Pass,5,artifacts/production-source-audit-20261003.json
2026-10-03,4,voice over equipment setup,https://thechoicervoicer.me/voice-over-equipment-setup/,en,12,Technical Indexability,"Locale, hreflang, OG, schema and directory URL agree",Pass,5,artifacts/production-source-audit-20261003.json
2026-10-03,4,voice over equipment setup,https://thechoicervoicer.me/voice-over-equipment-setup/,en,13,Product And UX,Usable checklist and original guide,Pass,5,artifacts/production-qa-20261003.json; artifacts/playwright-20261003/; tests/e2e/practice.spec.ts
2026-10-03,4,voice over equipment setup,https://thechoicervoicer.me/voice-over-equipment-setup/,en,14,Product And UX,"Malformed saved state, partial progress, all-six and reset verified",Pass,5,artifacts/production-qa-20261003.json; artifacts/playwright-20261003/; tests/e2e/practice.spec.ts
2026-10-03,4,voice over equipment setup,https://thechoicervoicer.me/voice-over-equipment-setup/,en,15,Product And UX,Desktop/mobile: no overflow or first-party failure; image alt coverage,Pass,5,artifacts/production-qa-20261003.json; artifacts/playwright-20261003/; tests/e2e/practice.spec.ts
2026-10-03,4,voice over equipment setup,https://thechoicervoicer.me/voice-over-equipment-setup/,en,16,Internal Links And Schema,Source-visible topic-hub inbound link; homepage links to hub,Pass,5,artifacts/production-source-audit-20261003.json
2026-10-03,4,voice over equipment setup,https://thechoicervoicer.me/voice-over-equipment-setup/,en,17,Internal Links And Schema,"Parent, hub and relevant siblings return 200",Pass,5,artifacts/production-source-audit-20261003.json
2026-10-03,4,voice over equipment setup,https://thechoicervoicer.me/voice-over-equipment-setup/,en,18,Internal Links And Schema,"Article, breadcrumb and FAQ match visible content",Pass,5,artifacts/production-source-audit-20261003.json
2026-10-03,4,voice over equipment setup,https://thechoicervoicer.me/voice-over-equipment-setup/,en,19,Analytics And Trust,GA4 correct-ID transport; Realtime evidence pending shared FIFO,Not checked,0,artifacts/production-qa-20261003.json; thechoicervoicer-20261003-15-ga4-verify-v1 queued; no Realtime receipt
2026-10-03,4,voice over equipment setup,https://thechoicervoicer.me/voice-over-equipment-setup/,en,20,Analytics And Trust,"Source, exact deployment commit, production QA and fixes recorded",Pass,5,source 06b17136f91fea1ffaeee948165c0c405de57a0f; Pages 7b941f4962cd4bddd1e1c6ea002e62ab97c3f6d7; docs/inner-page-release-ledger-2026-10-03.md
2026-10-03,4,voice over equipment setup,https://thechoicervoicer.me/zh/voice-over-equipment-setup/,zh-Hans,01,Intent And GeFei Alignment,Unique intent and canonical,Pass,5,docs/seo/post-live-gefei-review-2026-10-03.json; artifacts/production-qa-20261003.json
2026-10-03,4,voice over equipment setup,https://thechoicervoicer.me/zh/voice-over-equipment-setup/,zh-Hans,02,Intent And GeFei Alignment,Resolved Web.Cafe KD; Ahrefs skipped,Pass,5,docs/seo/post-live-gefei-review-2026-10-03.json; artifacts/production-qa-20261003.json
2026-10-03,4,voice over equipment setup,https://thechoicervoicer.me/zh/voice-over-equipment-setup/,zh-Hans,03,Intent And GeFei Alignment,"Guide promise, original steps and saved intent match",Pass,5,docs/seo/post-live-gefei-review-2026-10-03.json; artifacts/production-qa-20261003.json
2026-10-03,4,voice over equipment setup,https://thechoicervoicer.me/zh/voice-over-equipment-setup/,zh-Hans,04,Intent And GeFei Alignment,Real checklist; limitations explicit,Pass,5,docs/seo/post-live-gefei-review-2026-10-03.json; artifacts/production-qa-20261003.json
2026-10-03,4,voice over equipment setup,https://thechoicervoicer.me/zh/voice-over-equipment-setup/,zh-Hans,05,On-Page SEO,Unique concise title,Pass,5,artifacts/production-source-audit-20261003.json
2026-10-03,4,voice over equipment setup,https://thechoicervoicer.me/zh/voice-over-equipment-setup/,zh-Hans,06,On-Page SEO,Unique description,Pass,5,artifacts/production-source-audit-20261003.json
2026-10-03,4,voice over equipment setup,https://thechoicervoicer.me/zh/voice-over-equipment-setup/,zh-Hans,07,On-Page SEO,Single matching H1,Pass,5,artifacts/production-source-audit-20261003.json
2026-10-03,4,voice over equipment setup,https://thechoicervoicer.me/zh/voice-over-equipment-setup/,zh-Hans,08,On-Page SEO,"Source-visible steps, example, review, limits and FAQ",Pass,5,artifacts/production-source-audit-20261003.json
2026-10-03,4,voice over equipment setup,https://thechoicervoicer.me/zh/voice-over-equipment-setup/,zh-Hans,09,Technical Indexability,Production 200 and self canonical,Pass,5,artifacts/production-source-audit-20261003.json
2026-10-03,4,voice over equipment setup,https://thechoicervoicer.me/zh/voice-over-equipment-setup/,zh-Hans,10,Technical Indexability,Index/follow and crawlable robots,Pass,5,artifacts/production-source-audit-20261003.json
2026-10-03,4,voice over equipment setup,https://thechoicervoicer.me/zh/voice-over-equipment-setup/,zh-Hans,11,Technical Indexability,Sitemap entry; actual publication lastmod 2026-10-04,Pass,5,artifacts/production-source-audit-20261003.json
2026-10-03,4,voice over equipment setup,https://thechoicervoicer.me/zh/voice-over-equipment-setup/,zh-Hans,12,Technical Indexability,"Locale, hreflang, OG, schema and directory URL agree",Pass,5,artifacts/production-source-audit-20261003.json
2026-10-03,4,voice over equipment setup,https://thechoicervoicer.me/zh/voice-over-equipment-setup/,zh-Hans,13,Product And UX,Usable checklist and original guide,Pass,5,artifacts/production-qa-20261003.json; artifacts/playwright-20261003/; tests/e2e/practice.spec.ts
2026-10-03,4,voice over equipment setup,https://thechoicervoicer.me/zh/voice-over-equipment-setup/,zh-Hans,14,Product And UX,"Malformed saved state, partial progress, all-six and reset verified",Pass,5,artifacts/production-qa-20261003.json; artifacts/playwright-20261003/; tests/e2e/practice.spec.ts
2026-10-03,4,voice over equipment setup,https://thechoicervoicer.me/zh/voice-over-equipment-setup/,zh-Hans,15,Product And UX,Desktop/mobile: no overflow or first-party failure; image alt coverage,Pass,5,artifacts/production-qa-20261003.json; artifacts/playwright-20261003/; tests/e2e/practice.spec.ts
2026-10-03,4,voice over equipment setup,https://thechoicervoicer.me/zh/voice-over-equipment-setup/,zh-Hans,16,Internal Links And Schema,Source-visible topic-hub inbound link; homepage links to hub,Pass,5,artifacts/production-source-audit-20261003.json
2026-10-03,4,voice over equipment setup,https://thechoicervoicer.me/zh/voice-over-equipment-setup/,zh-Hans,17,Internal Links And Schema,"Parent, hub and relevant siblings return 200",Pass,5,artifacts/production-source-audit-20261003.json
2026-10-03,4,voice over equipment setup,https://thechoicervoicer.me/zh/voice-over-equipment-setup/,zh-Hans,18,Internal Links And Schema,"Article, breadcrumb and FAQ match visible content",Pass,5,artifacts/production-source-audit-20261003.json
2026-10-03,4,voice over equipment setup,https://thechoicervoicer.me/zh/voice-over-equipment-setup/,zh-Hans,19,Analytics And Trust,GA4 correct-ID transport; Realtime evidence pending shared FIFO,Not checked,0,artifacts/production-qa-20261003.json; thechoicervoicer-20261003-15-ga4-verify-v1 queued; no Realtime receipt
2026-10-03,4,voice over equipment setup,https://thechoicervoicer.me/zh/voice-over-equipment-setup/,zh-Hans,20,Analytics And Trust,"Source, exact deployment commit, production QA and fixes recorded",Pass,5,source 06b17136f91fea1ffaeee948165c0c405de57a0f; Pages 7b941f4962cd4bddd1e1c6ea002e62ab97c3f6d7; docs/inner-page-release-ledger-2026-10-03.md
2026-10-03,5,voice acting remote session checklist,https://thechoicervoicer.me/voice-acting-remote-session-checklist/,en,01,Intent And GeFei Alignment,Unique intent and canonical,Pass,5,docs/seo/post-live-gefei-review-2026-10-03.json; artifacts/production-qa-20261003.json
2026-10-03,5,voice acting remote session checklist,https://thechoicervoicer.me/voice-acting-remote-session-checklist/,en,02,Intent And GeFei Alignment,Resolved Web.Cafe KD; Ahrefs skipped,Pass,5,docs/seo/post-live-gefei-review-2026-10-03.json; artifacts/production-qa-20261003.json
2026-10-03,5,voice acting remote session checklist,https://thechoicervoicer.me/voice-acting-remote-session-checklist/,en,03,Intent And GeFei Alignment,"Guide promise, original steps and saved intent match",Pass,5,docs/seo/post-live-gefei-review-2026-10-03.json; artifacts/production-qa-20261003.json
2026-10-03,5,voice acting remote session checklist,https://thechoicervoicer.me/voice-acting-remote-session-checklist/,en,04,Intent And GeFei Alignment,Real checklist; limitations explicit,Pass,5,docs/seo/post-live-gefei-review-2026-10-03.json; artifacts/production-qa-20261003.json
2026-10-03,5,voice acting remote session checklist,https://thechoicervoicer.me/voice-acting-remote-session-checklist/,en,05,On-Page SEO,Unique concise title,Pass,5,artifacts/production-source-audit-20261003.json
2026-10-03,5,voice acting remote session checklist,https://thechoicervoicer.me/voice-acting-remote-session-checklist/,en,06,On-Page SEO,Unique description,Pass,5,artifacts/production-source-audit-20261003.json
2026-10-03,5,voice acting remote session checklist,https://thechoicervoicer.me/voice-acting-remote-session-checklist/,en,07,On-Page SEO,Single matching H1,Pass,5,artifacts/production-source-audit-20261003.json
2026-10-03,5,voice acting remote session checklist,https://thechoicervoicer.me/voice-acting-remote-session-checklist/,en,08,On-Page SEO,"Source-visible steps, example, review, limits and FAQ",Pass,5,artifacts/production-source-audit-20261003.json
2026-10-03,5,voice acting remote session checklist,https://thechoicervoicer.me/voice-acting-remote-session-checklist/,en,09,Technical Indexability,Production 200 and self canonical,Pass,5,artifacts/production-source-audit-20261003.json
2026-10-03,5,voice acting remote session checklist,https://thechoicervoicer.me/voice-acting-remote-session-checklist/,en,10,Technical Indexability,Index/follow and crawlable robots,Pass,5,artifacts/production-source-audit-20261003.json
2026-10-03,5,voice acting remote session checklist,https://thechoicervoicer.me/voice-acting-remote-session-checklist/,en,11,Technical Indexability,Sitemap entry; actual publication lastmod 2026-10-04,Pass,5,artifacts/production-source-audit-20261003.json
2026-10-03,5,voice acting remote session checklist,https://thechoicervoicer.me/voice-acting-remote-session-checklist/,en,12,Technical Indexability,"Locale, hreflang, OG, schema and directory URL agree",Pass,5,artifacts/production-source-audit-20261003.json
2026-10-03,5,voice acting remote session checklist,https://thechoicervoicer.me/voice-acting-remote-session-checklist/,en,13,Product And UX,Usable checklist and original guide,Pass,5,artifacts/production-qa-20261003.json; artifacts/playwright-20261003/; tests/e2e/practice.spec.ts
2026-10-03,5,voice acting remote session checklist,https://thechoicervoicer.me/voice-acting-remote-session-checklist/,en,14,Product And UX,"Malformed saved state, partial progress, all-six and reset verified",Pass,5,artifacts/production-qa-20261003.json; artifacts/playwright-20261003/; tests/e2e/practice.spec.ts
2026-10-03,5,voice acting remote session checklist,https://thechoicervoicer.me/voice-acting-remote-session-checklist/,en,15,Product And UX,Desktop/mobile: no overflow or first-party failure; image alt coverage,Pass,5,artifacts/production-qa-20261003.json; artifacts/playwright-20261003/; tests/e2e/practice.spec.ts
2026-10-03,5,voice acting remote session checklist,https://thechoicervoicer.me/voice-acting-remote-session-checklist/,en,16,Internal Links And Schema,Source-visible topic-hub inbound link; homepage links to hub,Pass,5,artifacts/production-source-audit-20261003.json
2026-10-03,5,voice acting remote session checklist,https://thechoicervoicer.me/voice-acting-remote-session-checklist/,en,17,Internal Links And Schema,"Parent, hub and relevant siblings return 200",Pass,5,artifacts/production-source-audit-20261003.json
2026-10-03,5,voice acting remote session checklist,https://thechoicervoicer.me/voice-acting-remote-session-checklist/,en,18,Internal Links And Schema,"Article, breadcrumb and FAQ match visible content",Pass,5,artifacts/production-source-audit-20261003.json
2026-10-03,5,voice acting remote session checklist,https://thechoicervoicer.me/voice-acting-remote-session-checklist/,en,19,Analytics And Trust,GA4 correct-ID transport; Realtime evidence pending shared FIFO,Not checked,0,artifacts/production-qa-20261003.json; thechoicervoicer-20261003-15-ga4-verify-v1 queued; no Realtime receipt
2026-10-03,5,voice acting remote session checklist,https://thechoicervoicer.me/voice-acting-remote-session-checklist/,en,20,Analytics And Trust,"Source, exact deployment commit, production QA and fixes recorded",Pass,5,source 06b17136f91fea1ffaeee948165c0c405de57a0f; Pages 7b941f4962cd4bddd1e1c6ea002e62ab97c3f6d7; docs/inner-page-release-ledger-2026-10-03.md
2026-10-03,5,voice acting remote session checklist,https://thechoicervoicer.me/zh/voice-acting-remote-session-checklist/,zh-Hans,01,Intent And GeFei Alignment,Unique intent and canonical,Pass,5,docs/seo/post-live-gefei-review-2026-10-03.json; artifacts/production-qa-20261003.json
2026-10-03,5,voice acting remote session checklist,https://thechoicervoicer.me/zh/voice-acting-remote-session-checklist/,zh-Hans,02,Intent And GeFei Alignment,Resolved Web.Cafe KD; Ahrefs skipped,Pass,5,docs/seo/post-live-gefei-review-2026-10-03.json; artifacts/production-qa-20261003.json
2026-10-03,5,voice acting remote session checklist,https://thechoicervoicer.me/zh/voice-acting-remote-session-checklist/,zh-Hans,03,Intent And GeFei Alignment,"Guide promise, original steps and saved intent match",Pass,5,docs/seo/post-live-gefei-review-2026-10-03.json; artifacts/production-qa-20261003.json
2026-10-03,5,voice acting remote session checklist,https://thechoicervoicer.me/zh/voice-acting-remote-session-checklist/,zh-Hans,04,Intent And GeFei Alignment,Real checklist; limitations explicit,Pass,5,docs/seo/post-live-gefei-review-2026-10-03.json; artifacts/production-qa-20261003.json
2026-10-03,5,voice acting remote session checklist,https://thechoicervoicer.me/zh/voice-acting-remote-session-checklist/,zh-Hans,05,On-Page SEO,Unique concise title,Pass,5,artifacts/production-source-audit-20261003.json
2026-10-03,5,voice acting remote session checklist,https://thechoicervoicer.me/zh/voice-acting-remote-session-checklist/,zh-Hans,06,On-Page SEO,Unique description,Pass,5,artifacts/production-source-audit-20261003.json
2026-10-03,5,voice acting remote session checklist,https://thechoicervoicer.me/zh/voice-acting-remote-session-checklist/,zh-Hans,07,On-Page SEO,Single matching H1,Pass,5,artifacts/production-source-audit-20261003.json
2026-10-03,5,voice acting remote session checklist,https://thechoicervoicer.me/zh/voice-acting-remote-session-checklist/,zh-Hans,08,On-Page SEO,"Source-visible steps, example, review, limits and FAQ",Pass,5,artifacts/production-source-audit-20261003.json
2026-10-03,5,voice acting remote session checklist,https://thechoicervoicer.me/zh/voice-acting-remote-session-checklist/,zh-Hans,09,Technical Indexability,Production 200 and self canonical,Pass,5,artifacts/production-source-audit-20261003.json
2026-10-03,5,voice acting remote session checklist,https://thechoicervoicer.me/zh/voice-acting-remote-session-checklist/,zh-Hans,10,Technical Indexability,Index/follow and crawlable robots,Pass,5,artifacts/production-source-audit-20261003.json
2026-10-03,5,voice acting remote session checklist,https://thechoicervoicer.me/zh/voice-acting-remote-session-checklist/,zh-Hans,11,Technical Indexability,Sitemap entry; actual publication lastmod 2026-10-04,Pass,5,artifacts/production-source-audit-20261003.json
2026-10-03,5,voice acting remote session checklist,https://thechoicervoicer.me/zh/voice-acting-remote-session-checklist/,zh-Hans,12,Technical Indexability,"Locale, hreflang, OG, schema and directory URL agree",Pass,5,artifacts/production-source-audit-20261003.json
2026-10-03,5,voice acting remote session checklist,https://thechoicervoicer.me/zh/voice-acting-remote-session-checklist/,zh-Hans,13,Product And UX,Usable checklist and original guide,Pass,5,artifacts/production-qa-20261003.json; artifacts/playwright-20261003/; tests/e2e/practice.spec.ts
2026-10-03,5,voice acting remote session checklist,https://thechoicervoicer.me/zh/voice-acting-remote-session-checklist/,zh-Hans,14,Product And UX,"Malformed saved state, partial progress, all-six and reset verified",Pass,5,artifacts/production-qa-20261003.json; artifacts/playwright-20261003/; tests/e2e/practice.spec.ts
2026-10-03,5,voice acting remote session checklist,https://thechoicervoicer.me/zh/voice-acting-remote-session-checklist/,zh-Hans,15,Product And UX,Desktop/mobile: no overflow or first-party failure; image alt coverage,Pass,5,artifacts/production-qa-20261003.json; artifacts/playwright-20261003/; tests/e2e/practice.spec.ts
2026-10-03,5,voice acting remote session checklist,https://thechoicervoicer.me/zh/voice-acting-remote-session-checklist/,zh-Hans,16,Internal Links And Schema,Source-visible topic-hub inbound link; homepage links to hub,Pass,5,artifacts/production-source-audit-20261003.json
2026-10-03,5,voice acting remote session checklist,https://thechoicervoicer.me/zh/voice-acting-remote-session-checklist/,zh-Hans,17,Internal Links And Schema,"Parent, hub and relevant siblings return 200",Pass,5,artifacts/production-source-audit-20261003.json
2026-10-03,5,voice acting remote session checklist,https://thechoicervoicer.me/zh/voice-acting-remote-session-checklist/,zh-Hans,18,Internal Links And Schema,"Article, breadcrumb and FAQ match visible content",Pass,5,artifacts/production-source-audit-20261003.json
2026-10-03,5,voice acting remote session checklist,https://thechoicervoicer.me/zh/voice-acting-remote-session-checklist/,zh-Hans,19,Analytics And Trust,GA4 correct-ID transport; Realtime evidence pending shared FIFO,Not checked,0,artifacts/production-qa-20261003.json; thechoicervoicer-20261003-15-ga4-verify-v1 queued; no Realtime receipt
2026-10-03,5,voice acting remote session checklist,https://thechoicervoicer.me/zh/voice-acting-remote-session-checklist/,zh-Hans,20,Analytics And Trust,"Source, exact deployment commit, production QA and fixes recorded",Pass,5,source 06b17136f91fea1ffaeee948165c0c405de57a0f; Pages 7b941f4962cd4bddd1e1c6ea002e62ab97c3f6d7; docs/inner-page-release-ledger-2026-10-03.md
2026-10-03,6,voice over script formatting,https://thechoicervoicer.me/voice-over-script-formatting/,en,01,Intent And GeFei Alignment,Unique intent and canonical,Pass,5,docs/seo/post-live-gefei-review-2026-10-03.json; artifacts/production-qa-20261003.json
2026-10-03,6,voice over script formatting,https://thechoicervoicer.me/voice-over-script-formatting/,en,02,Intent And GeFei Alignment,Resolved Web.Cafe KD; Ahrefs skipped,Pass,5,docs/seo/post-live-gefei-review-2026-10-03.json; artifacts/production-qa-20261003.json
2026-10-03,6,voice over script formatting,https://thechoicervoicer.me/voice-over-script-formatting/,en,03,Intent And GeFei Alignment,"Guide promise, original steps and saved intent match",Pass,5,docs/seo/post-live-gefei-review-2026-10-03.json; artifacts/production-qa-20261003.json
2026-10-03,6,voice over script formatting,https://thechoicervoicer.me/voice-over-script-formatting/,en,04,Intent And GeFei Alignment,Real checklist; limitations explicit,Pass,5,docs/seo/post-live-gefei-review-2026-10-03.json; artifacts/production-qa-20261003.json
2026-10-03,6,voice over script formatting,https://thechoicervoicer.me/voice-over-script-formatting/,en,05,On-Page SEO,Unique concise title,Pass,5,artifacts/production-source-audit-20261003.json
2026-10-03,6,voice over script formatting,https://thechoicervoicer.me/voice-over-script-formatting/,en,06,On-Page SEO,Unique description,Pass,5,artifacts/production-source-audit-20261003.json
2026-10-03,6,voice over script formatting,https://thechoicervoicer.me/voice-over-script-formatting/,en,07,On-Page SEO,Single matching H1,Pass,5,artifacts/production-source-audit-20261003.json
2026-10-03,6,voice over script formatting,https://thechoicervoicer.me/voice-over-script-formatting/,en,08,On-Page SEO,"Source-visible steps, example, review, limits and FAQ",Pass,5,artifacts/production-source-audit-20261003.json
2026-10-03,6,voice over script formatting,https://thechoicervoicer.me/voice-over-script-formatting/,en,09,Technical Indexability,Production 200 and self canonical,Pass,5,artifacts/production-source-audit-20261003.json
2026-10-03,6,voice over script formatting,https://thechoicervoicer.me/voice-over-script-formatting/,en,10,Technical Indexability,Index/follow and crawlable robots,Pass,5,artifacts/production-source-audit-20261003.json
2026-10-03,6,voice over script formatting,https://thechoicervoicer.me/voice-over-script-formatting/,en,11,Technical Indexability,Sitemap entry; actual publication lastmod 2026-10-04,Pass,5,artifacts/production-source-audit-20261003.json
2026-10-03,6,voice over script formatting,https://thechoicervoicer.me/voice-over-script-formatting/,en,12,Technical Indexability,"Locale, hreflang, OG, schema and directory URL agree",Pass,5,artifacts/production-source-audit-20261003.json
2026-10-03,6,voice over script formatting,https://thechoicervoicer.me/voice-over-script-formatting/,en,13,Product And UX,Usable checklist and original guide,Pass,5,artifacts/production-qa-20261003.json; artifacts/playwright-20261003/; tests/e2e/practice.spec.ts
2026-10-03,6,voice over script formatting,https://thechoicervoicer.me/voice-over-script-formatting/,en,14,Product And UX,"Malformed saved state, partial progress, all-six and reset verified",Pass,5,artifacts/production-qa-20261003.json; artifacts/playwright-20261003/; tests/e2e/practice.spec.ts
2026-10-03,6,voice over script formatting,https://thechoicervoicer.me/voice-over-script-formatting/,en,15,Product And UX,Desktop/mobile: no overflow or first-party failure; image alt coverage,Pass,5,artifacts/production-qa-20261003.json; artifacts/playwright-20261003/; tests/e2e/practice.spec.ts
2026-10-03,6,voice over script formatting,https://thechoicervoicer.me/voice-over-script-formatting/,en,16,Internal Links And Schema,Source-visible topic-hub inbound link; homepage links to hub,Pass,5,artifacts/production-source-audit-20261003.json
2026-10-03,6,voice over script formatting,https://thechoicervoicer.me/voice-over-script-formatting/,en,17,Internal Links And Schema,"Parent, hub and relevant siblings return 200",Pass,5,artifacts/production-source-audit-20261003.json
2026-10-03,6,voice over script formatting,https://thechoicervoicer.me/voice-over-script-formatting/,en,18,Internal Links And Schema,"Article, breadcrumb and FAQ match visible content",Pass,5,artifacts/production-source-audit-20261003.json
2026-10-03,6,voice over script formatting,https://thechoicervoicer.me/voice-over-script-formatting/,en,19,Analytics And Trust,GA4 correct-ID transport; Realtime evidence pending shared FIFO,Not checked,0,artifacts/production-qa-20261003.json; thechoicervoicer-20261003-15-ga4-verify-v1 queued; no Realtime receipt
2026-10-03,6,voice over script formatting,https://thechoicervoicer.me/voice-over-script-formatting/,en,20,Analytics And Trust,"Source, exact deployment commit, production QA and fixes recorded",Pass,5,source 06b17136f91fea1ffaeee948165c0c405de57a0f; Pages 7b941f4962cd4bddd1e1c6ea002e62ab97c3f6d7; docs/inner-page-release-ledger-2026-10-03.md
2026-10-03,6,voice over script formatting,https://thechoicervoicer.me/zh/voice-over-script-formatting/,zh-Hans,01,Intent And GeFei Alignment,Unique intent and canonical,Pass,5,docs/seo/post-live-gefei-review-2026-10-03.json; artifacts/production-qa-20261003.json
2026-10-03,6,voice over script formatting,https://thechoicervoicer.me/zh/voice-over-script-formatting/,zh-Hans,02,Intent And GeFei Alignment,Resolved Web.Cafe KD; Ahrefs skipped,Pass,5,docs/seo/post-live-gefei-review-2026-10-03.json; artifacts/production-qa-20261003.json
2026-10-03,6,voice over script formatting,https://thechoicervoicer.me/zh/voice-over-script-formatting/,zh-Hans,03,Intent And GeFei Alignment,"Guide promise, original steps and saved intent match",Pass,5,docs/seo/post-live-gefei-review-2026-10-03.json; artifacts/production-qa-20261003.json
2026-10-03,6,voice over script formatting,https://thechoicervoicer.me/zh/voice-over-script-formatting/,zh-Hans,04,Intent And GeFei Alignment,Real checklist; limitations explicit,Pass,5,docs/seo/post-live-gefei-review-2026-10-03.json; artifacts/production-qa-20261003.json
2026-10-03,6,voice over script formatting,https://thechoicervoicer.me/zh/voice-over-script-formatting/,zh-Hans,05,On-Page SEO,Unique concise title,Pass,5,artifacts/production-source-audit-20261003.json
2026-10-03,6,voice over script formatting,https://thechoicervoicer.me/zh/voice-over-script-formatting/,zh-Hans,06,On-Page SEO,Unique description,Pass,5,artifacts/production-source-audit-20261003.json
2026-10-03,6,voice over script formatting,https://thechoicervoicer.me/zh/voice-over-script-formatting/,zh-Hans,07,On-Page SEO,Single matching H1,Pass,5,artifacts/production-source-audit-20261003.json
2026-10-03,6,voice over script formatting,https://thechoicervoicer.me/zh/voice-over-script-formatting/,zh-Hans,08,On-Page SEO,"Source-visible steps, example, review, limits and FAQ",Pass,5,artifacts/production-source-audit-20261003.json
2026-10-03,6,voice over script formatting,https://thechoicervoicer.me/zh/voice-over-script-formatting/,zh-Hans,09,Technical Indexability,Production 200 and self canonical,Pass,5,artifacts/production-source-audit-20261003.json
2026-10-03,6,voice over script formatting,https://thechoicervoicer.me/zh/voice-over-script-formatting/,zh-Hans,10,Technical Indexability,Index/follow and crawlable robots,Pass,5,artifacts/production-source-audit-20261003.json
2026-10-03,6,voice over script formatting,https://thechoicervoicer.me/zh/voice-over-script-formatting/,zh-Hans,11,Technical Indexability,Sitemap entry; actual publication lastmod 2026-10-04,Pass,5,artifacts/production-source-audit-20261003.json
2026-10-03,6,voice over script formatting,https://thechoicervoicer.me/zh/voice-over-script-formatting/,zh-Hans,12,Technical Indexability,"Locale, hreflang, OG, schema and directory URL agree",Pass,5,artifacts/production-source-audit-20261003.json
2026-10-03,6,voice over script formatting,https://thechoicervoicer.me/zh/voice-over-script-formatting/,zh-Hans,13,Product And UX,Usable checklist and original guide,Pass,5,artifacts/production-qa-20261003.json; artifacts/playwright-20261003/; tests/e2e/practice.spec.ts
2026-10-03,6,voice over script formatting,https://thechoicervoicer.me/zh/voice-over-script-formatting/,zh-Hans,14,Product And UX,"Malformed saved state, partial progress, all-six and reset verified",Pass,5,artifacts/production-qa-20261003.json; artifacts/playwright-20261003/; tests/e2e/practice.spec.ts
2026-10-03,6,voice over script formatting,https://thechoicervoicer.me/zh/voice-over-script-formatting/,zh-Hans,15,Product And UX,Desktop/mobile: no overflow or first-party failure; image alt coverage,Pass,5,artifacts/production-qa-20261003.json; artifacts/playwright-20261003/; tests/e2e/practice.spec.ts
2026-10-03,6,voice over script formatting,https://thechoicervoicer.me/zh/voice-over-script-formatting/,zh-Hans,16,Internal Links And Schema,Source-visible topic-hub inbound link; homepage links to hub,Pass,5,artifacts/production-source-audit-20261003.json
2026-10-03,6,voice over script formatting,https://thechoicervoicer.me/zh/voice-over-script-formatting/,zh-Hans,17,Internal Links And Schema,"Parent, hub and relevant siblings return 200",Pass,5,artifacts/production-source-audit-20261003.json
2026-10-03,6,voice over script formatting,https://thechoicervoicer.me/zh/voice-over-script-formatting/,zh-Hans,18,Internal Links And Schema,"Article, breadcrumb and FAQ match visible content",Pass,5,artifacts/production-source-audit-20261003.json
2026-10-03,6,voice over script formatting,https://thechoicervoicer.me/zh/voice-over-script-formatting/,zh-Hans,19,Analytics And Trust,GA4 correct-ID transport; Realtime evidence pending shared FIFO,Not checked,0,artifacts/production-qa-20261003.json; thechoicervoicer-20261003-15-ga4-verify-v1 queued; no Realtime receipt
2026-10-03,6,voice over script formatting,https://thechoicervoicer.me/zh/voice-over-script-formatting/,zh-Hans,20,Analytics And Trust,"Source, exact deployment commit, production QA and fixes recorded",Pass,5,source 06b17136f91fea1ffaeee948165c0c405de57a0f; Pages 7b941f4962cd4bddd1e1c6ea002e62ab97c3f6d7; docs/inner-page-release-ledger-2026-10-03.md
2026-10-03,7,voice acting director communication,https://thechoicervoicer.me/voice-acting-director-communication/,en,01,Intent And GeFei Alignment,Unique intent and canonical,Pass,5,docs/seo/post-live-gefei-review-2026-10-03.json; artifacts/production-qa-20261003.json
2026-10-03,7,voice acting director communication,https://thechoicervoicer.me/voice-acting-director-communication/,en,02,Intent And GeFei Alignment,Resolved Web.Cafe KD; Ahrefs skipped,Pass,5,docs/seo/post-live-gefei-review-2026-10-03.json; artifacts/production-qa-20261003.json
2026-10-03,7,voice acting director communication,https://thechoicervoicer.me/voice-acting-director-communication/,en,03,Intent And GeFei Alignment,"Guide promise, original steps and saved intent match",Pass,5,docs/seo/post-live-gefei-review-2026-10-03.json; artifacts/production-qa-20261003.json
2026-10-03,7,voice acting director communication,https://thechoicervoicer.me/voice-acting-director-communication/,en,04,Intent And GeFei Alignment,Real checklist; limitations explicit,Pass,5,docs/seo/post-live-gefei-review-2026-10-03.json; artifacts/production-qa-20261003.json
2026-10-03,7,voice acting director communication,https://thechoicervoicer.me/voice-acting-director-communication/,en,05,On-Page SEO,Unique concise title,Pass,5,artifacts/production-source-audit-20261003.json
2026-10-03,7,voice acting director communication,https://thechoicervoicer.me/voice-acting-director-communication/,en,06,On-Page SEO,Unique description,Pass,5,artifacts/production-source-audit-20261003.json
2026-10-03,7,voice acting director communication,https://thechoicervoicer.me/voice-acting-director-communication/,en,07,On-Page SEO,Single matching H1,Pass,5,artifacts/production-source-audit-20261003.json
2026-10-03,7,voice acting director communication,https://thechoicervoicer.me/voice-acting-director-communication/,en,08,On-Page SEO,"Source-visible steps, example, review, limits and FAQ",Pass,5,artifacts/production-source-audit-20261003.json
2026-10-03,7,voice acting director communication,https://thechoicervoicer.me/voice-acting-director-communication/,en,09,Technical Indexability,Production 200 and self canonical,Pass,5,artifacts/production-source-audit-20261003.json
2026-10-03,7,voice acting director communication,https://thechoicervoicer.me/voice-acting-director-communication/,en,10,Technical Indexability,Index/follow and crawlable robots,Pass,5,artifacts/production-source-audit-20261003.json
2026-10-03,7,voice acting director communication,https://thechoicervoicer.me/voice-acting-director-communication/,en,11,Technical Indexability,Sitemap entry; actual publication lastmod 2026-10-04,Pass,5,artifacts/production-source-audit-20261003.json
2026-10-03,7,voice acting director communication,https://thechoicervoicer.me/voice-acting-director-communication/,en,12,Technical Indexability,"Locale, hreflang, OG, schema and directory URL agree",Pass,5,artifacts/production-source-audit-20261003.json
2026-10-03,7,voice acting director communication,https://thechoicervoicer.me/voice-acting-director-communication/,en,13,Product And UX,Usable checklist and original guide,Pass,5,artifacts/production-qa-20261003.json; artifacts/playwright-20261003/; tests/e2e/practice.spec.ts
2026-10-03,7,voice acting director communication,https://thechoicervoicer.me/voice-acting-director-communication/,en,14,Product And UX,"Malformed saved state, partial progress, all-six and reset verified",Pass,5,artifacts/production-qa-20261003.json; artifacts/playwright-20261003/; tests/e2e/practice.spec.ts
2026-10-03,7,voice acting director communication,https://thechoicervoicer.me/voice-acting-director-communication/,en,15,Product And UX,Desktop/mobile: no overflow or first-party failure; image alt coverage,Pass,5,artifacts/production-qa-20261003.json; artifacts/playwright-20261003/; tests/e2e/practice.spec.ts
2026-10-03,7,voice acting director communication,https://thechoicervoicer.me/voice-acting-director-communication/,en,16,Internal Links And Schema,Source-visible topic-hub inbound link; homepage links to hub,Pass,5,artifacts/production-source-audit-20261003.json
2026-10-03,7,voice acting director communication,https://thechoicervoicer.me/voice-acting-director-communication/,en,17,Internal Links And Schema,"Parent, hub and relevant siblings return 200",Pass,5,artifacts/production-source-audit-20261003.json
2026-10-03,7,voice acting director communication,https://thechoicervoicer.me/voice-acting-director-communication/,en,18,Internal Links And Schema,"Article, breadcrumb and FAQ match visible content",Pass,5,artifacts/production-source-audit-20261003.json
2026-10-03,7,voice acting director communication,https://thechoicervoicer.me/voice-acting-director-communication/,en,19,Analytics And Trust,GA4 correct-ID transport; Realtime evidence pending shared FIFO,Not checked,0,artifacts/production-qa-20261003.json; thechoicervoicer-20261003-15-ga4-verify-v1 queued; no Realtime receipt
2026-10-03,7,voice acting director communication,https://thechoicervoicer.me/voice-acting-director-communication/,en,20,Analytics And Trust,"Source, exact deployment commit, production QA and fixes recorded",Pass,5,source 06b17136f91fea1ffaeee948165c0c405de57a0f; Pages 7b941f4962cd4bddd1e1c6ea002e62ab97c3f6d7; docs/inner-page-release-ledger-2026-10-03.md
2026-10-03,7,voice acting director communication,https://thechoicervoicer.me/zh/voice-acting-director-communication/,zh-Hans,01,Intent And GeFei Alignment,Unique intent and canonical,Pass,5,docs/seo/post-live-gefei-review-2026-10-03.json; artifacts/production-qa-20261003.json
2026-10-03,7,voice acting director communication,https://thechoicervoicer.me/zh/voice-acting-director-communication/,zh-Hans,02,Intent And GeFei Alignment,Resolved Web.Cafe KD; Ahrefs skipped,Pass,5,docs/seo/post-live-gefei-review-2026-10-03.json; artifacts/production-qa-20261003.json
2026-10-03,7,voice acting director communication,https://thechoicervoicer.me/zh/voice-acting-director-communication/,zh-Hans,03,Intent And GeFei Alignment,"Guide promise, original steps and saved intent match",Pass,5,docs/seo/post-live-gefei-review-2026-10-03.json; artifacts/production-qa-20261003.json
2026-10-03,7,voice acting director communication,https://thechoicervoicer.me/zh/voice-acting-director-communication/,zh-Hans,04,Intent And GeFei Alignment,Real checklist; limitations explicit,Pass,5,docs/seo/post-live-gefei-review-2026-10-03.json; artifacts/production-qa-20261003.json
2026-10-03,7,voice acting director communication,https://thechoicervoicer.me/zh/voice-acting-director-communication/,zh-Hans,05,On-Page SEO,Unique concise title,Pass,5,artifacts/production-source-audit-20261003.json
2026-10-03,7,voice acting director communication,https://thechoicervoicer.me/zh/voice-acting-director-communication/,zh-Hans,06,On-Page SEO,Unique description,Pass,5,artifacts/production-source-audit-20261003.json
2026-10-03,7,voice acting director communication,https://thechoicervoicer.me/zh/voice-acting-director-communication/,zh-Hans,07,On-Page SEO,Single matching H1,Pass,5,artifacts/production-source-audit-20261003.json
2026-10-03,7,voice acting director communication,https://thechoicervoicer.me/zh/voice-acting-director-communication/,zh-Hans,08,On-Page SEO,"Source-visible steps, example, review, limits and FAQ",Pass,5,artifacts/production-source-audit-20261003.json
2026-10-03,7,voice acting director communication,https://thechoicervoicer.me/zh/voice-acting-director-communication/,zh-Hans,09,Technical Indexability,Production 200 and self canonical,Pass,5,artifacts/production-source-audit-20261003.json
2026-10-03,7,voice acting director communication,https://thechoicervoicer.me/zh/voice-acting-director-communication/,zh-Hans,10,Technical Indexability,Index/follow and crawlable robots,Pass,5,artifacts/production-source-audit-20261003.json
2026-10-03,7,voice acting director communication,https://thechoicervoicer.me/zh/voice-acting-director-communication/,zh-Hans,11,Technical Indexability,Sitemap entry; actual publication lastmod 2026-10-04,Pass,5,artifacts/production-source-audit-20261003.json
2026-10-03,7,voice acting director communication,https://thechoicervoicer.me/zh/voice-acting-director-communication/,zh-Hans,12,Technical Indexability,"Locale, hreflang, OG, schema and directory URL agree",Pass,5,artifacts/production-source-audit-20261003.json
2026-10-03,7,voice acting director communication,https://thechoicervoicer.me/zh/voice-acting-director-communication/,zh-Hans,13,Product And UX,Usable checklist and original guide,Pass,5,artifacts/production-qa-20261003.json; artifacts/playwright-20261003/; tests/e2e/practice.spec.ts
2026-10-03,7,voice acting director communication,https://thechoicervoicer.me/zh/voice-acting-director-communication/,zh-Hans,14,Product And UX,"Malformed saved state, partial progress, all-six and reset verified",Pass,5,artifacts/production-qa-20261003.json; artifacts/playwright-20261003/; tests/e2e/practice.spec.ts
2026-10-03,7,voice acting director communication,https://thechoicervoicer.me/zh/voice-acting-director-communication/,zh-Hans,15,Product And UX,Desktop/mobile: no overflow or first-party failure; image alt coverage,Pass,5,artifacts/production-qa-20261003.json; artifacts/playwright-20261003/; tests/e2e/practice.spec.ts
2026-10-03,7,voice acting director communication,https://thechoicervoicer.me/zh/voice-acting-director-communication/,zh-Hans,16,Internal Links And Schema,Source-visible topic-hub inbound link; homepage links to hub,Pass,5,artifacts/production-source-audit-20261003.json
2026-10-03,7,voice acting director communication,https://thechoicervoicer.me/zh/voice-acting-director-communication/,zh-Hans,17,Internal Links And Schema,"Parent, hub and relevant siblings return 200",Pass,5,artifacts/production-source-audit-20261003.json
2026-10-03,7,voice acting director communication,https://thechoicervoicer.me/zh/voice-acting-director-communication/,zh-Hans,18,Internal Links And Schema,"Article, breadcrumb and FAQ match visible content",Pass,5,artifacts/production-source-audit-20261003.json
2026-10-03,7,voice acting director communication,https://thechoicervoicer.me/zh/voice-acting-director-communication/,zh-Hans,19,Analytics And Trust,GA4 correct-ID transport; Realtime evidence pending shared FIFO,Not checked,0,artifacts/production-qa-20261003.json; thechoicervoicer-20261003-15-ga4-verify-v1 queued; no Realtime receipt
2026-10-03,7,voice acting director communication,https://thechoicervoicer.me/zh/voice-acting-director-communication/,zh-Hans,20,Analytics And Trust,"Source, exact deployment commit, production QA and fixes recorded",Pass,5,source 06b17136f91fea1ffaeee948165c0c405de57a0f; Pages 7b941f4962cd4bddd1e1c6ea002e62ab97c3f6d7; docs/inner-page-release-ledger-2026-10-03.md
2026-10-03,8,audio drama casting exercises,https://thechoicervoicer.me/audio-drama-casting-exercises/,en,01,Intent And GeFei Alignment,Unique intent and canonical,Pass,5,docs/seo/post-live-gefei-review-2026-10-03.json; artifacts/production-qa-20261003.json
2026-10-03,8,audio drama casting exercises,https://thechoicervoicer.me/audio-drama-casting-exercises/,en,02,Intent And GeFei Alignment,Resolved Web.Cafe KD; Ahrefs skipped,Pass,5,docs/seo/post-live-gefei-review-2026-10-03.json; artifacts/production-qa-20261003.json
2026-10-03,8,audio drama casting exercises,https://thechoicervoicer.me/audio-drama-casting-exercises/,en,03,Intent And GeFei Alignment,"Guide promise, original steps and saved intent match",Pass,5,docs/seo/post-live-gefei-review-2026-10-03.json; artifacts/production-qa-20261003.json
2026-10-03,8,audio drama casting exercises,https://thechoicervoicer.me/audio-drama-casting-exercises/,en,04,Intent And GeFei Alignment,Real checklist; limitations explicit,Pass,5,docs/seo/post-live-gefei-review-2026-10-03.json; artifacts/production-qa-20261003.json
2026-10-03,8,audio drama casting exercises,https://thechoicervoicer.me/audio-drama-casting-exercises/,en,05,On-Page SEO,Unique concise title,Pass,5,artifacts/production-source-audit-20261003.json
2026-10-03,8,audio drama casting exercises,https://thechoicervoicer.me/audio-drama-casting-exercises/,en,06,On-Page SEO,Unique description,Pass,5,artifacts/production-source-audit-20261003.json
2026-10-03,8,audio drama casting exercises,https://thechoicervoicer.me/audio-drama-casting-exercises/,en,07,On-Page SEO,Single matching H1,Pass,5,artifacts/production-source-audit-20261003.json
2026-10-03,8,audio drama casting exercises,https://thechoicervoicer.me/audio-drama-casting-exercises/,en,08,On-Page SEO,"Source-visible steps, example, review, limits and FAQ",Pass,5,artifacts/production-source-audit-20261003.json
2026-10-03,8,audio drama casting exercises,https://thechoicervoicer.me/audio-drama-casting-exercises/,en,09,Technical Indexability,Production 200 and self canonical,Pass,5,artifacts/production-source-audit-20261003.json
2026-10-03,8,audio drama casting exercises,https://thechoicervoicer.me/audio-drama-casting-exercises/,en,10,Technical Indexability,Index/follow and crawlable robots,Pass,5,artifacts/production-source-audit-20261003.json
2026-10-03,8,audio drama casting exercises,https://thechoicervoicer.me/audio-drama-casting-exercises/,en,11,Technical Indexability,Sitemap entry; actual publication lastmod 2026-10-04,Pass,5,artifacts/production-source-audit-20261003.json
2026-10-03,8,audio drama casting exercises,https://thechoicervoicer.me/audio-drama-casting-exercises/,en,12,Technical Indexability,"Locale, hreflang, OG, schema and directory URL agree",Pass,5,artifacts/production-source-audit-20261003.json
2026-10-03,8,audio drama casting exercises,https://thechoicervoicer.me/audio-drama-casting-exercises/,en,13,Product And UX,Usable checklist and original guide,Pass,5,artifacts/production-qa-20261003.json; artifacts/playwright-20261003/; tests/e2e/practice.spec.ts
2026-10-03,8,audio drama casting exercises,https://thechoicervoicer.me/audio-drama-casting-exercises/,en,14,Product And UX,"Malformed saved state, partial progress, all-six and reset verified",Pass,5,artifacts/production-qa-20261003.json; artifacts/playwright-20261003/; tests/e2e/practice.spec.ts
2026-10-03,8,audio drama casting exercises,https://thechoicervoicer.me/audio-drama-casting-exercises/,en,15,Product And UX,Desktop/mobile: no overflow or first-party failure; image alt coverage,Pass,5,artifacts/production-qa-20261003.json; artifacts/playwright-20261003/; tests/e2e/practice.spec.ts
2026-10-03,8,audio drama casting exercises,https://thechoicervoicer.me/audio-drama-casting-exercises/,en,16,Internal Links And Schema,Source-visible topic-hub inbound link; homepage links to hub,Pass,5,artifacts/production-source-audit-20261003.json
2026-10-03,8,audio drama casting exercises,https://thechoicervoicer.me/audio-drama-casting-exercises/,en,17,Internal Links And Schema,"Parent, hub and relevant siblings return 200",Pass,5,artifacts/production-source-audit-20261003.json
2026-10-03,8,audio drama casting exercises,https://thechoicervoicer.me/audio-drama-casting-exercises/,en,18,Internal Links And Schema,"Article, breadcrumb and FAQ match visible content",Pass,5,artifacts/production-source-audit-20261003.json
2026-10-03,8,audio drama casting exercises,https://thechoicervoicer.me/audio-drama-casting-exercises/,en,19,Analytics And Trust,GA4 correct-ID transport; Realtime evidence pending shared FIFO,Not checked,0,artifacts/production-qa-20261003.json; thechoicervoicer-20261003-15-ga4-verify-v1 queued; no Realtime receipt
2026-10-03,8,audio drama casting exercises,https://thechoicervoicer.me/audio-drama-casting-exercises/,en,20,Analytics And Trust,"Source, exact deployment commit, production QA and fixes recorded",Pass,5,source 06b17136f91fea1ffaeee948165c0c405de57a0f; Pages 7b941f4962cd4bddd1e1c6ea002e62ab97c3f6d7; docs/inner-page-release-ledger-2026-10-03.md
2026-10-03,8,audio drama casting exercises,https://thechoicervoicer.me/zh/audio-drama-casting-exercises/,zh-Hans,01,Intent And GeFei Alignment,Unique intent and canonical,Pass,5,docs/seo/post-live-gefei-review-2026-10-03.json; artifacts/production-qa-20261003.json
2026-10-03,8,audio drama casting exercises,https://thechoicervoicer.me/zh/audio-drama-casting-exercises/,zh-Hans,02,Intent And GeFei Alignment,Resolved Web.Cafe KD; Ahrefs skipped,Pass,5,docs/seo/post-live-gefei-review-2026-10-03.json; artifacts/production-qa-20261003.json
2026-10-03,8,audio drama casting exercises,https://thechoicervoicer.me/zh/audio-drama-casting-exercises/,zh-Hans,03,Intent And GeFei Alignment,"Guide promise, original steps and saved intent match",Pass,5,docs/seo/post-live-gefei-review-2026-10-03.json; artifacts/production-qa-20261003.json
2026-10-03,8,audio drama casting exercises,https://thechoicervoicer.me/zh/audio-drama-casting-exercises/,zh-Hans,04,Intent And GeFei Alignment,Real checklist; limitations explicit,Pass,5,docs/seo/post-live-gefei-review-2026-10-03.json; artifacts/production-qa-20261003.json
2026-10-03,8,audio drama casting exercises,https://thechoicervoicer.me/zh/audio-drama-casting-exercises/,zh-Hans,05,On-Page SEO,Unique concise title,Pass,5,artifacts/production-source-audit-20261003.json
2026-10-03,8,audio drama casting exercises,https://thechoicervoicer.me/zh/audio-drama-casting-exercises/,zh-Hans,06,On-Page SEO,Unique description,Pass,5,artifacts/production-source-audit-20261003.json
2026-10-03,8,audio drama casting exercises,https://thechoicervoicer.me/zh/audio-drama-casting-exercises/,zh-Hans,07,On-Page SEO,Single matching H1,Pass,5,artifacts/production-source-audit-20261003.json
2026-10-03,8,audio drama casting exercises,https://thechoicervoicer.me/zh/audio-drama-casting-exercises/,zh-Hans,08,On-Page SEO,"Source-visible steps, example, review, limits and FAQ",Pass,5,artifacts/production-source-audit-20261003.json
2026-10-03,8,audio drama casting exercises,https://thechoicervoicer.me/zh/audio-drama-casting-exercises/,zh-Hans,09,Technical Indexability,Production 200 and self canonical,Pass,5,artifacts/production-source-audit-20261003.json
2026-10-03,8,audio drama casting exercises,https://thechoicervoicer.me/zh/audio-drama-casting-exercises/,zh-Hans,10,Technical Indexability,Index/follow and crawlable robots,Pass,5,artifacts/production-source-audit-20261003.json
2026-10-03,8,audio drama casting exercises,https://thechoicervoicer.me/zh/audio-drama-casting-exercises/,zh-Hans,11,Technical Indexability,Sitemap entry; actual publication lastmod 2026-10-04,Pass,5,artifacts/production-source-audit-20261003.json
2026-10-03,8,audio drama casting exercises,https://thechoicervoicer.me/zh/audio-drama-casting-exercises/,zh-Hans,12,Technical Indexability,"Locale, hreflang, OG, schema and directory URL agree",Pass,5,artifacts/production-source-audit-20261003.json
2026-10-03,8,audio drama casting exercises,https://thechoicervoicer.me/zh/audio-drama-casting-exercises/,zh-Hans,13,Product And UX,Usable checklist and original guide,Pass,5,artifacts/production-qa-20261003.json; artifacts/playwright-20261003/; tests/e2e/practice.spec.ts
2026-10-03,8,audio drama casting exercises,https://thechoicervoicer.me/zh/audio-drama-casting-exercises/,zh-Hans,14,Product And UX,"Malformed saved state, partial progress, all-six and reset verified",Pass,5,artifacts/production-qa-20261003.json; artifacts/playwright-20261003/; tests/e2e/practice.spec.ts
2026-10-03,8,audio drama casting exercises,https://thechoicervoicer.me/zh/audio-drama-casting-exercises/,zh-Hans,15,Product And UX,Desktop/mobile: no overflow or first-party failure; image alt coverage,Pass,5,artifacts/production-qa-20261003.json; artifacts/playwright-20261003/; tests/e2e/practice.spec.ts
2026-10-03,8,audio drama casting exercises,https://thechoicervoicer.me/zh/audio-drama-casting-exercises/,zh-Hans,16,Internal Links And Schema,Source-visible topic-hub inbound link; homepage links to hub,Pass,5,artifacts/production-source-audit-20261003.json
2026-10-03,8,audio drama casting exercises,https://thechoicervoicer.me/zh/audio-drama-casting-exercises/,zh-Hans,17,Internal Links And Schema,"Parent, hub and relevant siblings return 200",Pass,5,artifacts/production-source-audit-20261003.json
2026-10-03,8,audio drama casting exercises,https://thechoicervoicer.me/zh/audio-drama-casting-exercises/,zh-Hans,18,Internal Links And Schema,"Article, breadcrumb and FAQ match visible content",Pass,5,artifacts/production-source-audit-20261003.json
2026-10-03,8,audio drama casting exercises,https://thechoicervoicer.me/zh/audio-drama-casting-exercises/,zh-Hans,19,Analytics And Trust,GA4 correct-ID transport; Realtime evidence pending shared FIFO,Not checked,0,artifacts/production-qa-20261003.json; thechoicervoicer-20261003-15-ga4-verify-v1 queued; no Realtime receipt
2026-10-03,8,audio drama casting exercises,https://thechoicervoicer.me/zh/audio-drama-casting-exercises/,zh-Hans,20,Analytics And Trust,"Source, exact deployment commit, production QA and fixes recorded",Pass,5,source 06b17136f91fea1ffaeee948165c0c405de57a0f; Pages 7b941f4962cd4bddd1e1c6ea002e62ab97c3f6d7; docs/inner-page-release-ledger-2026-10-03.md
2026-10-03,9,voice acting continuity exercises,https://thechoicervoicer.me/voice-acting-continuity-exercises/,en,01,Intent And GeFei Alignment,Unique intent and canonical,Pass,5,docs/seo/post-live-gefei-review-2026-10-03.json; artifacts/production-qa-20261003.json
2026-10-03,9,voice acting continuity exercises,https://thechoicervoicer.me/voice-acting-continuity-exercises/,en,02,Intent And GeFei Alignment,Resolved Web.Cafe KD; Ahrefs skipped,Pass,5,docs/seo/post-live-gefei-review-2026-10-03.json; artifacts/production-qa-20261003.json
2026-10-03,9,voice acting continuity exercises,https://thechoicervoicer.me/voice-acting-continuity-exercises/,en,03,Intent And GeFei Alignment,"Guide promise, original steps and saved intent match",Pass,5,docs/seo/post-live-gefei-review-2026-10-03.json; artifacts/production-qa-20261003.json
2026-10-03,9,voice acting continuity exercises,https://thechoicervoicer.me/voice-acting-continuity-exercises/,en,04,Intent And GeFei Alignment,Real checklist; limitations explicit,Pass,5,docs/seo/post-live-gefei-review-2026-10-03.json; artifacts/production-qa-20261003.json
2026-10-03,9,voice acting continuity exercises,https://thechoicervoicer.me/voice-acting-continuity-exercises/,en,05,On-Page SEO,Unique concise title,Pass,5,artifacts/production-source-audit-20261003.json
2026-10-03,9,voice acting continuity exercises,https://thechoicervoicer.me/voice-acting-continuity-exercises/,en,06,On-Page SEO,Unique description,Pass,5,artifacts/production-source-audit-20261003.json
2026-10-03,9,voice acting continuity exercises,https://thechoicervoicer.me/voice-acting-continuity-exercises/,en,07,On-Page SEO,Single matching H1,Pass,5,artifacts/production-source-audit-20261003.json
2026-10-03,9,voice acting continuity exercises,https://thechoicervoicer.me/voice-acting-continuity-exercises/,en,08,On-Page SEO,"Source-visible steps, example, review, limits and FAQ",Pass,5,artifacts/production-source-audit-20261003.json
2026-10-03,9,voice acting continuity exercises,https://thechoicervoicer.me/voice-acting-continuity-exercises/,en,09,Technical Indexability,Production 200 and self canonical,Pass,5,artifacts/production-source-audit-20261003.json
2026-10-03,9,voice acting continuity exercises,https://thechoicervoicer.me/voice-acting-continuity-exercises/,en,10,Technical Indexability,Index/follow and crawlable robots,Pass,5,artifacts/production-source-audit-20261003.json
2026-10-03,9,voice acting continuity exercises,https://thechoicervoicer.me/voice-acting-continuity-exercises/,en,11,Technical Indexability,Sitemap entry; actual publication lastmod 2026-10-04,Pass,5,artifacts/production-source-audit-20261003.json
2026-10-03,9,voice acting continuity exercises,https://thechoicervoicer.me/voice-acting-continuity-exercises/,en,12,Technical Indexability,"Locale, hreflang, OG, schema and directory URL agree",Pass,5,artifacts/production-source-audit-20261003.json
2026-10-03,9,voice acting continuity exercises,https://thechoicervoicer.me/voice-acting-continuity-exercises/,en,13,Product And UX,Usable checklist and original guide,Pass,5,artifacts/production-qa-20261003.json; artifacts/playwright-20261003/; tests/e2e/practice.spec.ts
2026-10-03,9,voice acting continuity exercises,https://thechoicervoicer.me/voice-acting-continuity-exercises/,en,14,Product And UX,"Malformed saved state, partial progress, all-six and reset verified",Pass,5,artifacts/production-qa-20261003.json; artifacts/playwright-20261003/; tests/e2e/practice.spec.ts
2026-10-03,9,voice acting continuity exercises,https://thechoicervoicer.me/voice-acting-continuity-exercises/,en,15,Product And UX,Desktop/mobile: no overflow or first-party failure; image alt coverage,Pass,5,artifacts/production-qa-20261003.json; artifacts/playwright-20261003/; tests/e2e/practice.spec.ts
2026-10-03,9,voice acting continuity exercises,https://thechoicervoicer.me/voice-acting-continuity-exercises/,en,16,Internal Links And Schema,Source-visible topic-hub inbound link; homepage links to hub,Pass,5,artifacts/production-source-audit-20261003.json
2026-10-03,9,voice acting continuity exercises,https://thechoicervoicer.me/voice-acting-continuity-exercises/,en,17,Internal Links And Schema,"Parent, hub and relevant siblings return 200",Pass,5,artifacts/production-source-audit-20261003.json
2026-10-03,9,voice acting continuity exercises,https://thechoicervoicer.me/voice-acting-continuity-exercises/,en,18,Internal Links And Schema,"Article, breadcrumb and FAQ match visible content",Pass,5,artifacts/production-source-audit-20261003.json
2026-10-03,9,voice acting continuity exercises,https://thechoicervoicer.me/voice-acting-continuity-exercises/,en,19,Analytics And Trust,GA4 correct-ID transport; Realtime evidence pending shared FIFO,Not checked,0,artifacts/production-qa-20261003.json; thechoicervoicer-20261003-15-ga4-verify-v1 queued; no Realtime receipt
2026-10-03,9,voice acting continuity exercises,https://thechoicervoicer.me/voice-acting-continuity-exercises/,en,20,Analytics And Trust,"Source, exact deployment commit, production QA and fixes recorded",Pass,5,source 06b17136f91fea1ffaeee948165c0c405de57a0f; Pages 7b941f4962cd4bddd1e1c6ea002e62ab97c3f6d7; docs/inner-page-release-ledger-2026-10-03.md
2026-10-03,9,voice acting continuity exercises,https://thechoicervoicer.me/zh/voice-acting-continuity-exercises/,zh-Hans,01,Intent And GeFei Alignment,Unique intent and canonical,Pass,5,docs/seo/post-live-gefei-review-2026-10-03.json; artifacts/production-qa-20261003.json
2026-10-03,9,voice acting continuity exercises,https://thechoicervoicer.me/zh/voice-acting-continuity-exercises/,zh-Hans,02,Intent And GeFei Alignment,Resolved Web.Cafe KD; Ahrefs skipped,Pass,5,docs/seo/post-live-gefei-review-2026-10-03.json; artifacts/production-qa-20261003.json
2026-10-03,9,voice acting continuity exercises,https://thechoicervoicer.me/zh/voice-acting-continuity-exercises/,zh-Hans,03,Intent And GeFei Alignment,"Guide promise, original steps and saved intent match",Pass,5,docs/seo/post-live-gefei-review-2026-10-03.json; artifacts/production-qa-20261003.json
2026-10-03,9,voice acting continuity exercises,https://thechoicervoicer.me/zh/voice-acting-continuity-exercises/,zh-Hans,04,Intent And GeFei Alignment,Real checklist; limitations explicit,Pass,5,docs/seo/post-live-gefei-review-2026-10-03.json; artifacts/production-qa-20261003.json
2026-10-03,9,voice acting continuity exercises,https://thechoicervoicer.me/zh/voice-acting-continuity-exercises/,zh-Hans,05,On-Page SEO,Unique concise title,Pass,5,artifacts/production-source-audit-20261003.json
2026-10-03,9,voice acting continuity exercises,https://thechoicervoicer.me/zh/voice-acting-continuity-exercises/,zh-Hans,06,On-Page SEO,Unique description,Pass,5,artifacts/production-source-audit-20261003.json
2026-10-03,9,voice acting continuity exercises,https://thechoicervoicer.me/zh/voice-acting-continuity-exercises/,zh-Hans,07,On-Page SEO,Single matching H1,Pass,5,artifacts/production-source-audit-20261003.json
2026-10-03,9,voice acting continuity exercises,https://thechoicervoicer.me/zh/voice-acting-continuity-exercises/,zh-Hans,08,On-Page SEO,"Source-visible steps, example, review, limits and FAQ",Pass,5,artifacts/production-source-audit-20261003.json
2026-10-03,9,voice acting continuity exercises,https://thechoicervoicer.me/zh/voice-acting-continuity-exercises/,zh-Hans,09,Technical Indexability,Production 200 and self canonical,Pass,5,artifacts/production-source-audit-20261003.json
2026-10-03,9,voice acting continuity exercises,https://thechoicervoicer.me/zh/voice-acting-continuity-exercises/,zh-Hans,10,Technical Indexability,Index/follow and crawlable robots,Pass,5,artifacts/production-source-audit-20261003.json
2026-10-03,9,voice acting continuity exercises,https://thechoicervoicer.me/zh/voice-acting-continuity-exercises/,zh-Hans,11,Technical Indexability,Sitemap entry; actual publication lastmod 2026-10-04,Pass,5,artifacts/production-source-audit-20261003.json
2026-10-03,9,voice acting continuity exercises,https://thechoicervoicer.me/zh/voice-acting-continuity-exercises/,zh-Hans,12,Technical Indexability,"Locale, hreflang, OG, schema and directory URL agree",Pass,5,artifacts/production-source-audit-20261003.json
2026-10-03,9,voice acting continuity exercises,https://thechoicervoicer.me/zh/voice-acting-continuity-exercises/,zh-Hans,13,Product And UX,Usable checklist and original guide,Pass,5,artifacts/production-qa-20261003.json; artifacts/playwright-20261003/; tests/e2e/practice.spec.ts
2026-10-03,9,voice acting continuity exercises,https://thechoicervoicer.me/zh/voice-acting-continuity-exercises/,zh-Hans,14,Product And UX,"Malformed saved state, partial progress, all-six and reset verified",Pass,5,artifacts/production-qa-20261003.json; artifacts/playwright-20261003/; tests/e2e/practice.spec.ts
2026-10-03,9,voice acting continuity exercises,https://thechoicervoicer.me/zh/voice-acting-continuity-exercises/,zh-Hans,15,Product And UX,Desktop/mobile: no overflow or first-party failure; image alt coverage,Pass,5,artifacts/production-qa-20261003.json; artifacts/playwright-20261003/; tests/e2e/practice.spec.ts
2026-10-03,9,voice acting continuity exercises,https://thechoicervoicer.me/zh/voice-acting-continuity-exercises/,zh-Hans,16,Internal Links And Schema,Source-visible topic-hub inbound link; homepage links to hub,Pass,5,artifacts/production-source-audit-20261003.json
2026-10-03,9,voice acting continuity exercises,https://thechoicervoicer.me/zh/voice-acting-continuity-exercises/,zh-Hans,17,Internal Links And Schema,"Parent, hub and relevant siblings return 200",Pass,5,artifacts/production-source-audit-20261003.json
2026-10-03,9,voice acting continuity exercises,https://thechoicervoicer.me/zh/voice-acting-continuity-exercises/,zh-Hans,18,Internal Links And Schema,"Article, breadcrumb and FAQ match visible content",Pass,5,artifacts/production-source-audit-20261003.json
2026-10-03,9,voice acting continuity exercises,https://thechoicervoicer.me/zh/voice-acting-continuity-exercises/,zh-Hans,19,Analytics And Trust,GA4 correct-ID transport; Realtime evidence pending shared FIFO,Not checked,0,artifacts/production-qa-20261003.json; thechoicervoicer-20261003-15-ga4-verify-v1 queued; no Realtime receipt
2026-10-03,9,voice acting continuity exercises,https://thechoicervoicer.me/zh/voice-acting-continuity-exercises/,zh-Hans,20,Analytics And Trust,"Source, exact deployment commit, production QA and fixes recorded",Pass,5,source 06b17136f91fea1ffaeee948165c0c405de57a0f; Pages 7b941f4962cd4bddd1e1c6ea002e62ab97c3f6d7; docs/inner-page-release-ledger-2026-10-03.md
2026-10-03,10,voice over technical specification checklist,https://thechoicervoicer.me/voice-over-technical-specification-checklist/,en,01,Intent And GeFei Alignment,Unique intent and canonical,Pass,5,docs/seo/post-live-gefei-review-2026-10-03.json; artifacts/production-qa-20261003.json
2026-10-03,10,voice over technical specification checklist,https://thechoicervoicer.me/voice-over-technical-specification-checklist/,en,02,Intent And GeFei Alignment,Resolved Web.Cafe KD; Ahrefs skipped,Pass,5,docs/seo/post-live-gefei-review-2026-10-03.json; artifacts/production-qa-20261003.json
2026-10-03,10,voice over technical specification checklist,https://thechoicervoicer.me/voice-over-technical-specification-checklist/,en,03,Intent And GeFei Alignment,"Guide promise, original steps and saved intent match",Pass,5,docs/seo/post-live-gefei-review-2026-10-03.json; artifacts/production-qa-20261003.json
2026-10-03,10,voice over technical specification checklist,https://thechoicervoicer.me/voice-over-technical-specification-checklist/,en,04,Intent And GeFei Alignment,Real checklist; limitations explicit,Pass,5,docs/seo/post-live-gefei-review-2026-10-03.json; artifacts/production-qa-20261003.json
2026-10-03,10,voice over technical specification checklist,https://thechoicervoicer.me/voice-over-technical-specification-checklist/,en,05,On-Page SEO,Unique concise title,Pass,5,artifacts/production-source-audit-20261003.json
2026-10-03,10,voice over technical specification checklist,https://thechoicervoicer.me/voice-over-technical-specification-checklist/,en,06,On-Page SEO,Unique description,Pass,5,artifacts/production-source-audit-20261003.json
2026-10-03,10,voice over technical specification checklist,https://thechoicervoicer.me/voice-over-technical-specification-checklist/,en,07,On-Page SEO,Single matching H1,Pass,5,artifacts/production-source-audit-20261003.json
2026-10-03,10,voice over technical specification checklist,https://thechoicervoicer.me/voice-over-technical-specification-checklist/,en,08,On-Page SEO,"Source-visible steps, example, review, limits and FAQ",Pass,5,artifacts/production-source-audit-20261003.json
2026-10-03,10,voice over technical specification checklist,https://thechoicervoicer.me/voice-over-technical-specification-checklist/,en,09,Technical Indexability,Production 200 and self canonical,Pass,5,artifacts/production-source-audit-20261003.json
2026-10-03,10,voice over technical specification checklist,https://thechoicervoicer.me/voice-over-technical-specification-checklist/,en,10,Technical Indexability,Index/follow and crawlable robots,Pass,5,artifacts/production-source-audit-20261003.json
2026-10-03,10,voice over technical specification checklist,https://thechoicervoicer.me/voice-over-technical-specification-checklist/,en,11,Technical Indexability,Sitemap entry; actual publication lastmod 2026-10-04,Pass,5,artifacts/production-source-audit-20261003.json
2026-10-03,10,voice over technical specification checklist,https://thechoicervoicer.me/voice-over-technical-specification-checklist/,en,12,Technical Indexability,"Locale, hreflang, OG, schema and directory URL agree",Pass,5,artifacts/production-source-audit-20261003.json
2026-10-03,10,voice over technical specification checklist,https://thechoicervoicer.me/voice-over-technical-specification-checklist/,en,13,Product And UX,Usable checklist and original guide,Pass,5,artifacts/production-qa-20261003.json; artifacts/playwright-20261003/; tests/e2e/practice.spec.ts
2026-10-03,10,voice over technical specification checklist,https://thechoicervoicer.me/voice-over-technical-specification-checklist/,en,14,Product And UX,"Malformed saved state, partial progress, all-six and reset verified",Pass,5,artifacts/production-qa-20261003.json; artifacts/playwright-20261003/; tests/e2e/practice.spec.ts
2026-10-03,10,voice over technical specification checklist,https://thechoicervoicer.me/voice-over-technical-specification-checklist/,en,15,Product And UX,Desktop/mobile: no overflow or first-party failure; image alt coverage,Pass,5,artifacts/production-qa-20261003.json; artifacts/playwright-20261003/; tests/e2e/practice.spec.ts
2026-10-03,10,voice over technical specification checklist,https://thechoicervoicer.me/voice-over-technical-specification-checklist/,en,16,Internal Links And Schema,Source-visible topic-hub inbound link; homepage links to hub,Pass,5,artifacts/production-source-audit-20261003.json
2026-10-03,10,voice over technical specification checklist,https://thechoicervoicer.me/voice-over-technical-specification-checklist/,en,17,Internal Links And Schema,"Parent, hub and relevant siblings return 200",Pass,5,artifacts/production-source-audit-20261003.json
2026-10-03,10,voice over technical specification checklist,https://thechoicervoicer.me/voice-over-technical-specification-checklist/,en,18,Internal Links And Schema,"Article, breadcrumb and FAQ match visible content",Pass,5,artifacts/production-source-audit-20261003.json
2026-10-03,10,voice over technical specification checklist,https://thechoicervoicer.me/voice-over-technical-specification-checklist/,en,19,Analytics And Trust,GA4 correct-ID transport; Realtime evidence pending shared FIFO,Not checked,0,artifacts/production-qa-20261003.json; thechoicervoicer-20261003-15-ga4-verify-v1 queued; no Realtime receipt
2026-10-03,10,voice over technical specification checklist,https://thechoicervoicer.me/voice-over-technical-specification-checklist/,en,20,Analytics And Trust,"Source, exact deployment commit, production QA and fixes recorded",Pass,5,source 06b17136f91fea1ffaeee948165c0c405de57a0f; Pages 7b941f4962cd4bddd1e1c6ea002e62ab97c3f6d7; docs/inner-page-release-ledger-2026-10-03.md
2026-10-03,10,voice over technical specification checklist,https://thechoicervoicer.me/zh/voice-over-technical-specification-checklist/,zh-Hans,01,Intent And GeFei Alignment,Unique intent and canonical,Pass,5,docs/seo/post-live-gefei-review-2026-10-03.json; artifacts/production-qa-20261003.json
2026-10-03,10,voice over technical specification checklist,https://thechoicervoicer.me/zh/voice-over-technical-specification-checklist/,zh-Hans,02,Intent And GeFei Alignment,Resolved Web.Cafe KD; Ahrefs skipped,Pass,5,docs/seo/post-live-gefei-review-2026-10-03.json; artifacts/production-qa-20261003.json
2026-10-03,10,voice over technical specification checklist,https://thechoicervoicer.me/zh/voice-over-technical-specification-checklist/,zh-Hans,03,Intent And GeFei Alignment,"Guide promise, original steps and saved intent match",Pass,5,docs/seo/post-live-gefei-review-2026-10-03.json; artifacts/production-qa-20261003.json
2026-10-03,10,voice over technical specification checklist,https://thechoicervoicer.me/zh/voice-over-technical-specification-checklist/,zh-Hans,04,Intent And GeFei Alignment,Real checklist; limitations explicit,Pass,5,docs/seo/post-live-gefei-review-2026-10-03.json; artifacts/production-qa-20261003.json
2026-10-03,10,voice over technical specification checklist,https://thechoicervoicer.me/zh/voice-over-technical-specification-checklist/,zh-Hans,05,On-Page SEO,Unique concise title,Pass,5,artifacts/production-source-audit-20261003.json
2026-10-03,10,voice over technical specification checklist,https://thechoicervoicer.me/zh/voice-over-technical-specification-checklist/,zh-Hans,06,On-Page SEO,Unique description,Pass,5,artifacts/production-source-audit-20261003.json
2026-10-03,10,voice over technical specification checklist,https://thechoicervoicer.me/zh/voice-over-technical-specification-checklist/,zh-Hans,07,On-Page SEO,Single matching H1,Pass,5,artifacts/production-source-audit-20261003.json
2026-10-03,10,voice over technical specification checklist,https://thechoicervoicer.me/zh/voice-over-technical-specification-checklist/,zh-Hans,08,On-Page SEO,"Source-visible steps, example, review, limits and FAQ",Pass,5,artifacts/production-source-audit-20261003.json
2026-10-03,10,voice over technical specification checklist,https://thechoicervoicer.me/zh/voice-over-technical-specification-checklist/,zh-Hans,09,Technical Indexability,Production 200 and self canonical,Pass,5,artifacts/production-source-audit-20261003.json
2026-10-03,10,voice over technical specification checklist,https://thechoicervoicer.me/zh/voice-over-technical-specification-checklist/,zh-Hans,10,Technical Indexability,Index/follow and crawlable robots,Pass,5,artifacts/production-source-audit-20261003.json
2026-10-03,10,voice over technical specification checklist,https://thechoicervoicer.me/zh/voice-over-technical-specification-checklist/,zh-Hans,11,Technical Indexability,Sitemap entry; actual publication lastmod 2026-10-04,Pass,5,artifacts/production-source-audit-20261003.json
2026-10-03,10,voice over technical specification checklist,https://thechoicervoicer.me/zh/voice-over-technical-specification-checklist/,zh-Hans,12,Technical Indexability,"Locale, hreflang, OG, schema and directory URL agree",Pass,5,artifacts/production-source-audit-20261003.json
2026-10-03,10,voice over technical specification checklist,https://thechoicervoicer.me/zh/voice-over-technical-specification-checklist/,zh-Hans,13,Product And UX,Usable checklist and original guide,Pass,5,artifacts/production-qa-20261003.json; artifacts/playwright-20261003/; tests/e2e/practice.spec.ts
2026-10-03,10,voice over technical specification checklist,https://thechoicervoicer.me/zh/voice-over-technical-specification-checklist/,zh-Hans,14,Product And UX,"Malformed saved state, partial progress, all-six and reset verified",Pass,5,artifacts/production-qa-20261003.json; artifacts/playwright-20261003/; tests/e2e/practice.spec.ts
2026-10-03,10,voice over technical specification checklist,https://thechoicervoicer.me/zh/voice-over-technical-specification-checklist/,zh-Hans,15,Product And UX,Desktop/mobile: no overflow or first-party failure; image alt coverage,Pass,5,artifacts/production-qa-20261003.json; artifacts/playwright-20261003/; tests/e2e/practice.spec.ts
2026-10-03,10,voice over technical specification checklist,https://thechoicervoicer.me/zh/voice-over-technical-specification-checklist/,zh-Hans,16,Internal Links And Schema,Source-visible topic-hub inbound link; homepage links to hub,Pass,5,artifacts/production-source-audit-20261003.json
2026-10-03,10,voice over technical specification checklist,https://thechoicervoicer.me/zh/voice-over-technical-specification-checklist/,zh-Hans,17,Internal Links And Schema,"Parent, hub and relevant siblings return 200",Pass,5,artifacts/production-source-audit-20261003.json
2026-10-03,10,voice over technical specification checklist,https://thechoicervoicer.me/zh/voice-over-technical-specification-checklist/,zh-Hans,18,Internal Links And Schema,"Article, breadcrumb and FAQ match visible content",Pass,5,artifacts/production-source-audit-20261003.json
2026-10-03,10,voice over technical specification checklist,https://thechoicervoicer.me/zh/voice-over-technical-specification-checklist/,zh-Hans,19,Analytics And Trust,GA4 correct-ID transport; Realtime evidence pending shared FIFO,Not checked,0,artifacts/production-qa-20261003.json; thechoicervoicer-20261003-15-ga4-verify-v1 queued; no Realtime receipt
2026-10-03,10,voice over technical specification checklist,https://thechoicervoicer.me/zh/voice-over-technical-specification-checklist/,zh-Hans,20,Analytics And Trust,"Source, exact deployment commit, production QA and fixes recorded",Pass,5,source 06b17136f91fea1ffaeee948165c0c405de57a0f; Pages 7b941f4962cd4bddd1e1c6ea002e62ab97c3f6d7; docs/inner-page-release-ledger-2026-10-03.md
2026-10-03,11,voice acting portfolio checklist,https://thechoicervoicer.me/voice-acting-portfolio-checklist/,en,01,Intent And GeFei Alignment,Unique intent and canonical,Pass,5,docs/seo/post-live-gefei-review-2026-10-03.json; artifacts/production-qa-20261003.json
2026-10-03,11,voice acting portfolio checklist,https://thechoicervoicer.me/voice-acting-portfolio-checklist/,en,02,Intent And GeFei Alignment,Resolved Web.Cafe KD; Ahrefs skipped,Pass,5,docs/seo/post-live-gefei-review-2026-10-03.json; artifacts/production-qa-20261003.json
2026-10-03,11,voice acting portfolio checklist,https://thechoicervoicer.me/voice-acting-portfolio-checklist/,en,03,Intent And GeFei Alignment,"Guide promise, original steps and saved intent match",Pass,5,docs/seo/post-live-gefei-review-2026-10-03.json; artifacts/production-qa-20261003.json
2026-10-03,11,voice acting portfolio checklist,https://thechoicervoicer.me/voice-acting-portfolio-checklist/,en,04,Intent And GeFei Alignment,Real checklist; limitations explicit,Pass,5,docs/seo/post-live-gefei-review-2026-10-03.json; artifacts/production-qa-20261003.json
2026-10-03,11,voice acting portfolio checklist,https://thechoicervoicer.me/voice-acting-portfolio-checklist/,en,05,On-Page SEO,Unique concise title,Pass,5,artifacts/production-source-audit-20261003.json
2026-10-03,11,voice acting portfolio checklist,https://thechoicervoicer.me/voice-acting-portfolio-checklist/,en,06,On-Page SEO,Unique description,Pass,5,artifacts/production-source-audit-20261003.json
2026-10-03,11,voice acting portfolio checklist,https://thechoicervoicer.me/voice-acting-portfolio-checklist/,en,07,On-Page SEO,Single matching H1,Pass,5,artifacts/production-source-audit-20261003.json
2026-10-03,11,voice acting portfolio checklist,https://thechoicervoicer.me/voice-acting-portfolio-checklist/,en,08,On-Page SEO,"Source-visible steps, example, review, limits and FAQ",Pass,5,artifacts/production-source-audit-20261003.json
2026-10-03,11,voice acting portfolio checklist,https://thechoicervoicer.me/voice-acting-portfolio-checklist/,en,09,Technical Indexability,Production 200 and self canonical,Pass,5,artifacts/production-source-audit-20261003.json
2026-10-03,11,voice acting portfolio checklist,https://thechoicervoicer.me/voice-acting-portfolio-checklist/,en,10,Technical Indexability,Index/follow and crawlable robots,Pass,5,artifacts/production-source-audit-20261003.json
2026-10-03,11,voice acting portfolio checklist,https://thechoicervoicer.me/voice-acting-portfolio-checklist/,en,11,Technical Indexability,Sitemap entry; actual publication lastmod 2026-10-04,Pass,5,artifacts/production-source-audit-20261003.json
2026-10-03,11,voice acting portfolio checklist,https://thechoicervoicer.me/voice-acting-portfolio-checklist/,en,12,Technical Indexability,"Locale, hreflang, OG, schema and directory URL agree",Pass,5,artifacts/production-source-audit-20261003.json
2026-10-03,11,voice acting portfolio checklist,https://thechoicervoicer.me/voice-acting-portfolio-checklist/,en,13,Product And UX,Usable checklist and original guide,Pass,5,artifacts/production-qa-20261003.json; artifacts/playwright-20261003/; tests/e2e/practice.spec.ts
2026-10-03,11,voice acting portfolio checklist,https://thechoicervoicer.me/voice-acting-portfolio-checklist/,en,14,Product And UX,"Malformed saved state, partial progress, all-six and reset verified",Pass,5,artifacts/production-qa-20261003.json; artifacts/playwright-20261003/; tests/e2e/practice.spec.ts
2026-10-03,11,voice acting portfolio checklist,https://thechoicervoicer.me/voice-acting-portfolio-checklist/,en,15,Product And UX,Desktop/mobile: no overflow or first-party failure; image alt coverage,Pass,5,artifacts/production-qa-20261003.json; artifacts/playwright-20261003/; tests/e2e/practice.spec.ts
2026-10-03,11,voice acting portfolio checklist,https://thechoicervoicer.me/voice-acting-portfolio-checklist/,en,16,Internal Links And Schema,Source-visible topic-hub inbound link; homepage links to hub,Pass,5,artifacts/production-source-audit-20261003.json
2026-10-03,11,voice acting portfolio checklist,https://thechoicervoicer.me/voice-acting-portfolio-checklist/,en,17,Internal Links And Schema,"Parent, hub and relevant siblings return 200",Pass,5,artifacts/production-source-audit-20261003.json
2026-10-03,11,voice acting portfolio checklist,https://thechoicervoicer.me/voice-acting-portfolio-checklist/,en,18,Internal Links And Schema,"Article, breadcrumb and FAQ match visible content",Pass,5,artifacts/production-source-audit-20261003.json
2026-10-03,11,voice acting portfolio checklist,https://thechoicervoicer.me/voice-acting-portfolio-checklist/,en,19,Analytics And Trust,GA4 correct-ID transport; Realtime evidence pending shared FIFO,Not checked,0,artifacts/production-qa-20261003.json; thechoicervoicer-20261003-15-ga4-verify-v1 queued; no Realtime receipt
2026-10-03,11,voice acting portfolio checklist,https://thechoicervoicer.me/voice-acting-portfolio-checklist/,en,20,Analytics And Trust,"Source, exact deployment commit, production QA and fixes recorded",Pass,5,source 06b17136f91fea1ffaeee948165c0c405de57a0f; Pages 7b941f4962cd4bddd1e1c6ea002e62ab97c3f6d7; docs/inner-page-release-ledger-2026-10-03.md
2026-10-03,11,voice acting portfolio checklist,https://thechoicervoicer.me/zh/voice-acting-portfolio-checklist/,zh-Hans,01,Intent And GeFei Alignment,Unique intent and canonical,Pass,5,docs/seo/post-live-gefei-review-2026-10-03.json; artifacts/production-qa-20261003.json
2026-10-03,11,voice acting portfolio checklist,https://thechoicervoicer.me/zh/voice-acting-portfolio-checklist/,zh-Hans,02,Intent And GeFei Alignment,Resolved Web.Cafe KD; Ahrefs skipped,Pass,5,docs/seo/post-live-gefei-review-2026-10-03.json; artifacts/production-qa-20261003.json
2026-10-03,11,voice acting portfolio checklist,https://thechoicervoicer.me/zh/voice-acting-portfolio-checklist/,zh-Hans,03,Intent And GeFei Alignment,"Guide promise, original steps and saved intent match",Pass,5,docs/seo/post-live-gefei-review-2026-10-03.json; artifacts/production-qa-20261003.json
2026-10-03,11,voice acting portfolio checklist,https://thechoicervoicer.me/zh/voice-acting-portfolio-checklist/,zh-Hans,04,Intent And GeFei Alignment,Real checklist; limitations explicit,Pass,5,docs/seo/post-live-gefei-review-2026-10-03.json; artifacts/production-qa-20261003.json
2026-10-03,11,voice acting portfolio checklist,https://thechoicervoicer.me/zh/voice-acting-portfolio-checklist/,zh-Hans,05,On-Page SEO,Unique concise title,Pass,5,artifacts/production-source-audit-20261003.json
2026-10-03,11,voice acting portfolio checklist,https://thechoicervoicer.me/zh/voice-acting-portfolio-checklist/,zh-Hans,06,On-Page SEO,Unique description,Pass,5,artifacts/production-source-audit-20261003.json
2026-10-03,11,voice acting portfolio checklist,https://thechoicervoicer.me/zh/voice-acting-portfolio-checklist/,zh-Hans,07,On-Page SEO,Single matching H1,Pass,5,artifacts/production-source-audit-20261003.json
2026-10-03,11,voice acting portfolio checklist,https://thechoicervoicer.me/zh/voice-acting-portfolio-checklist/,zh-Hans,08,On-Page SEO,"Source-visible steps, example, review, limits and FAQ",Pass,5,artifacts/production-source-audit-20261003.json
2026-10-03,11,voice acting portfolio checklist,https://thechoicervoicer.me/zh/voice-acting-portfolio-checklist/,zh-Hans,09,Technical Indexability,Production 200 and self canonical,Pass,5,artifacts/production-source-audit-20261003.json
2026-10-03,11,voice acting portfolio checklist,https://thechoicervoicer.me/zh/voice-acting-portfolio-checklist/,zh-Hans,10,Technical Indexability,Index/follow and crawlable robots,Pass,5,artifacts/production-source-audit-20261003.json
2026-10-03,11,voice acting portfolio checklist,https://thechoicervoicer.me/zh/voice-acting-portfolio-checklist/,zh-Hans,11,Technical Indexability,Sitemap entry; actual publication lastmod 2026-10-04,Pass,5,artifacts/production-source-audit-20261003.json
2026-10-03,11,voice acting portfolio checklist,https://thechoicervoicer.me/zh/voice-acting-portfolio-checklist/,zh-Hans,12,Technical Indexability,"Locale, hreflang, OG, schema and directory URL agree",Pass,5,artifacts/production-source-audit-20261003.json
2026-10-03,11,voice acting portfolio checklist,https://thechoicervoicer.me/zh/voice-acting-portfolio-checklist/,zh-Hans,13,Product And UX,Usable checklist and original guide,Pass,5,artifacts/production-qa-20261003.json; artifacts/playwright-20261003/; tests/e2e/practice.spec.ts
2026-10-03,11,voice acting portfolio checklist,https://thechoicervoicer.me/zh/voice-acting-portfolio-checklist/,zh-Hans,14,Product And UX,"Malformed saved state, partial progress, all-six and reset verified",Pass,5,artifacts/production-qa-20261003.json; artifacts/playwright-20261003/; tests/e2e/practice.spec.ts
2026-10-03,11,voice acting portfolio checklist,https://thechoicervoicer.me/zh/voice-acting-portfolio-checklist/,zh-Hans,15,Product And UX,Desktop/mobile: no overflow or first-party failure; image alt coverage,Pass,5,artifacts/production-qa-20261003.json; artifacts/playwright-20261003/; tests/e2e/practice.spec.ts
2026-10-03,11,voice acting portfolio checklist,https://thechoicervoicer.me/zh/voice-acting-portfolio-checklist/,zh-Hans,16,Internal Links And Schema,Source-visible topic-hub inbound link; homepage links to hub,Pass,5,artifacts/production-source-audit-20261003.json
2026-10-03,11,voice acting portfolio checklist,https://thechoicervoicer.me/zh/voice-acting-portfolio-checklist/,zh-Hans,17,Internal Links And Schema,"Parent, hub and relevant siblings return 200",Pass,5,artifacts/production-source-audit-20261003.json
2026-10-03,11,voice acting portfolio checklist,https://thechoicervoicer.me/zh/voice-acting-portfolio-checklist/,zh-Hans,18,Internal Links And Schema,"Article, breadcrumb and FAQ match visible content",Pass,5,artifacts/production-source-audit-20261003.json
2026-10-03,11,voice acting portfolio checklist,https://thechoicervoicer.me/zh/voice-acting-portfolio-checklist/,zh-Hans,19,Analytics And Trust,GA4 correct-ID transport; Realtime evidence pending shared FIFO,Not checked,0,artifacts/production-qa-20261003.json; thechoicervoicer-20261003-15-ga4-verify-v1 queued; no Realtime receipt
2026-10-03,11,voice acting portfolio checklist,https://thechoicervoicer.me/zh/voice-acting-portfolio-checklist/,zh-Hans,20,Analytics And Trust,"Source, exact deployment commit, production QA and fixes recorded",Pass,5,source 06b17136f91fea1ffaeee948165c0c405de57a0f; Pages 7b941f4962cd4bddd1e1c6ea002e62ab97c3f6d7; docs/inner-page-release-ledger-2026-10-03.md
2026-10-03,12,voice over pronunciation guide,https://thechoicervoicer.me/voice-over-pronunciation-guide/,en,01,Intent And GeFei Alignment,Unique intent and canonical,Pass,5,docs/seo/post-live-gefei-review-2026-10-03.json; artifacts/production-qa-20261003.json
2026-10-03,12,voice over pronunciation guide,https://thechoicervoicer.me/voice-over-pronunciation-guide/,en,02,Intent And GeFei Alignment,Resolved Web.Cafe KD; Ahrefs skipped,Pass,5,docs/seo/post-live-gefei-review-2026-10-03.json; artifacts/production-qa-20261003.json
2026-10-03,12,voice over pronunciation guide,https://thechoicervoicer.me/voice-over-pronunciation-guide/,en,03,Intent And GeFei Alignment,"Guide promise, original steps and saved intent match",Pass,5,docs/seo/post-live-gefei-review-2026-10-03.json; artifacts/production-qa-20261003.json
2026-10-03,12,voice over pronunciation guide,https://thechoicervoicer.me/voice-over-pronunciation-guide/,en,04,Intent And GeFei Alignment,Real checklist; limitations explicit,Pass,5,docs/seo/post-live-gefei-review-2026-10-03.json; artifacts/production-qa-20261003.json
2026-10-03,12,voice over pronunciation guide,https://thechoicervoicer.me/voice-over-pronunciation-guide/,en,05,On-Page SEO,Unique concise title,Pass,5,artifacts/production-source-audit-20261003.json
2026-10-03,12,voice over pronunciation guide,https://thechoicervoicer.me/voice-over-pronunciation-guide/,en,06,On-Page SEO,Unique description,Pass,5,artifacts/production-source-audit-20261003.json
2026-10-03,12,voice over pronunciation guide,https://thechoicervoicer.me/voice-over-pronunciation-guide/,en,07,On-Page SEO,Single matching H1,Pass,5,artifacts/production-source-audit-20261003.json
2026-10-03,12,voice over pronunciation guide,https://thechoicervoicer.me/voice-over-pronunciation-guide/,en,08,On-Page SEO,"Source-visible steps, example, review, limits and FAQ",Pass,5,artifacts/production-source-audit-20261003.json
2026-10-03,12,voice over pronunciation guide,https://thechoicervoicer.me/voice-over-pronunciation-guide/,en,09,Technical Indexability,Production 200 and self canonical,Pass,5,artifacts/production-source-audit-20261003.json
2026-10-03,12,voice over pronunciation guide,https://thechoicervoicer.me/voice-over-pronunciation-guide/,en,10,Technical Indexability,Index/follow and crawlable robots,Pass,5,artifacts/production-source-audit-20261003.json
2026-10-03,12,voice over pronunciation guide,https://thechoicervoicer.me/voice-over-pronunciation-guide/,en,11,Technical Indexability,Sitemap entry; actual publication lastmod 2026-10-04,Pass,5,artifacts/production-source-audit-20261003.json
2026-10-03,12,voice over pronunciation guide,https://thechoicervoicer.me/voice-over-pronunciation-guide/,en,12,Technical Indexability,"Locale, hreflang, OG, schema and directory URL agree",Pass,5,artifacts/production-source-audit-20261003.json
2026-10-03,12,voice over pronunciation guide,https://thechoicervoicer.me/voice-over-pronunciation-guide/,en,13,Product And UX,Usable checklist and original guide,Pass,5,artifacts/production-qa-20261003.json; artifacts/playwright-20261003/; tests/e2e/practice.spec.ts
2026-10-03,12,voice over pronunciation guide,https://thechoicervoicer.me/voice-over-pronunciation-guide/,en,14,Product And UX,"Malformed saved state, partial progress, all-six and reset verified",Pass,5,artifacts/production-qa-20261003.json; artifacts/playwright-20261003/; tests/e2e/practice.spec.ts
2026-10-03,12,voice over pronunciation guide,https://thechoicervoicer.me/voice-over-pronunciation-guide/,en,15,Product And UX,Desktop/mobile: no overflow or first-party failure; image alt coverage,Pass,5,artifacts/production-qa-20261003.json; artifacts/playwright-20261003/; tests/e2e/practice.spec.ts
2026-10-03,12,voice over pronunciation guide,https://thechoicervoicer.me/voice-over-pronunciation-guide/,en,16,Internal Links And Schema,Source-visible topic-hub inbound link; homepage links to hub,Pass,5,artifacts/production-source-audit-20261003.json
2026-10-03,12,voice over pronunciation guide,https://thechoicervoicer.me/voice-over-pronunciation-guide/,en,17,Internal Links And Schema,"Parent, hub and relevant siblings return 200",Pass,5,artifacts/production-source-audit-20261003.json
2026-10-03,12,voice over pronunciation guide,https://thechoicervoicer.me/voice-over-pronunciation-guide/,en,18,Internal Links And Schema,"Article, breadcrumb and FAQ match visible content",Pass,5,artifacts/production-source-audit-20261003.json
2026-10-03,12,voice over pronunciation guide,https://thechoicervoicer.me/voice-over-pronunciation-guide/,en,19,Analytics And Trust,GA4 correct-ID transport; Realtime evidence pending shared FIFO,Not checked,0,artifacts/production-qa-20261003.json; thechoicervoicer-20261003-15-ga4-verify-v1 queued; no Realtime receipt
2026-10-03,12,voice over pronunciation guide,https://thechoicervoicer.me/voice-over-pronunciation-guide/,en,20,Analytics And Trust,"Source, exact deployment commit, production QA and fixes recorded",Pass,5,source 06b17136f91fea1ffaeee948165c0c405de57a0f; Pages 7b941f4962cd4bddd1e1c6ea002e62ab97c3f6d7; docs/inner-page-release-ledger-2026-10-03.md
2026-10-03,12,voice over pronunciation guide,https://thechoicervoicer.me/zh/voice-over-pronunciation-guide/,zh-Hans,01,Intent And GeFei Alignment,Unique intent and canonical,Pass,5,docs/seo/post-live-gefei-review-2026-10-03.json; artifacts/production-qa-20261003.json
2026-10-03,12,voice over pronunciation guide,https://thechoicervoicer.me/zh/voice-over-pronunciation-guide/,zh-Hans,02,Intent And GeFei Alignment,Resolved Web.Cafe KD; Ahrefs skipped,Pass,5,docs/seo/post-live-gefei-review-2026-10-03.json; artifacts/production-qa-20261003.json
2026-10-03,12,voice over pronunciation guide,https://thechoicervoicer.me/zh/voice-over-pronunciation-guide/,zh-Hans,03,Intent And GeFei Alignment,"Guide promise, original steps and saved intent match",Pass,5,docs/seo/post-live-gefei-review-2026-10-03.json; artifacts/production-qa-20261003.json
2026-10-03,12,voice over pronunciation guide,https://thechoicervoicer.me/zh/voice-over-pronunciation-guide/,zh-Hans,04,Intent And GeFei Alignment,Real checklist; limitations explicit,Pass,5,docs/seo/post-live-gefei-review-2026-10-03.json; artifacts/production-qa-20261003.json
2026-10-03,12,voice over pronunciation guide,https://thechoicervoicer.me/zh/voice-over-pronunciation-guide/,zh-Hans,05,On-Page SEO,Unique concise title,Pass,5,artifacts/production-source-audit-20261003.json
2026-10-03,12,voice over pronunciation guide,https://thechoicervoicer.me/zh/voice-over-pronunciation-guide/,zh-Hans,06,On-Page SEO,Unique description,Pass,5,artifacts/production-source-audit-20261003.json
2026-10-03,12,voice over pronunciation guide,https://thechoicervoicer.me/zh/voice-over-pronunciation-guide/,zh-Hans,07,On-Page SEO,Single matching H1,Pass,5,artifacts/production-source-audit-20261003.json
2026-10-03,12,voice over pronunciation guide,https://thechoicervoicer.me/zh/voice-over-pronunciation-guide/,zh-Hans,08,On-Page SEO,"Source-visible steps, example, review, limits and FAQ",Pass,5,artifacts/production-source-audit-20261003.json
2026-10-03,12,voice over pronunciation guide,https://thechoicervoicer.me/zh/voice-over-pronunciation-guide/,zh-Hans,09,Technical Indexability,Production 200 and self canonical,Pass,5,artifacts/production-source-audit-20261003.json
2026-10-03,12,voice over pronunciation guide,https://thechoicervoicer.me/zh/voice-over-pronunciation-guide/,zh-Hans,10,Technical Indexability,Index/follow and crawlable robots,Pass,5,artifacts/production-source-audit-20261003.json
2026-10-03,12,voice over pronunciation guide,https://thechoicervoicer.me/zh/voice-over-pronunciation-guide/,zh-Hans,11,Technical Indexability,Sitemap entry; actual publication lastmod 2026-10-04,Pass,5,artifacts/production-source-audit-20261003.json
2026-10-03,12,voice over pronunciation guide,https://thechoicervoicer.me/zh/voice-over-pronunciation-guide/,zh-Hans,12,Technical Indexability,"Locale, hreflang, OG, schema and directory URL agree",Pass,5,artifacts/production-source-audit-20261003.json
2026-10-03,12,voice over pronunciation guide,https://thechoicervoicer.me/zh/voice-over-pronunciation-guide/,zh-Hans,13,Product And UX,Usable checklist and original guide,Pass,5,artifacts/production-qa-20261003.json; artifacts/playwright-20261003/; tests/e2e/practice.spec.ts
2026-10-03,12,voice over pronunciation guide,https://thechoicervoicer.me/zh/voice-over-pronunciation-guide/,zh-Hans,14,Product And UX,"Malformed saved state, partial progress, all-six and reset verified",Pass,5,artifacts/production-qa-20261003.json; artifacts/playwright-20261003/; tests/e2e/practice.spec.ts
2026-10-03,12,voice over pronunciation guide,https://thechoicervoicer.me/zh/voice-over-pronunciation-guide/,zh-Hans,15,Product And UX,Desktop/mobile: no overflow or first-party failure; image alt coverage,Pass,5,artifacts/production-qa-20261003.json; artifacts/playwright-20261003/; tests/e2e/practice.spec.ts
2026-10-03,12,voice over pronunciation guide,https://thechoicervoicer.me/zh/voice-over-pronunciation-guide/,zh-Hans,16,Internal Links And Schema,Source-visible topic-hub inbound link; homepage links to hub,Pass,5,artifacts/production-source-audit-20261003.json
2026-10-03,12,voice over pronunciation guide,https://thechoicervoicer.me/zh/voice-over-pronunciation-guide/,zh-Hans,17,Internal Links And Schema,"Parent, hub and relevant siblings return 200",Pass,5,artifacts/production-source-audit-20261003.json
2026-10-03,12,voice over pronunciation guide,https://thechoicervoicer.me/zh/voice-over-pronunciation-guide/,zh-Hans,18,Internal Links And Schema,"Article, breadcrumb and FAQ match visible content",Pass,5,artifacts/production-source-audit-20261003.json
2026-10-03,12,voice over pronunciation guide,https://thechoicervoicer.me/zh/voice-over-pronunciation-guide/,zh-Hans,19,Analytics And Trust,GA4 correct-ID transport; Realtime evidence pending shared FIFO,Not checked,0,artifacts/production-qa-20261003.json; thechoicervoicer-20261003-15-ga4-verify-v1 queued; no Realtime receipt
2026-10-03,12,voice over pronunciation guide,https://thechoicervoicer.me/zh/voice-over-pronunciation-guide/,zh-Hans,20,Analytics And Trust,"Source, exact deployment commit, production QA and fixes recorded",Pass,5,source 06b17136f91fea1ffaeee948165c0c405de57a0f; Pages 7b941f4962cd4bddd1e1c6ea002e62ab97c3f6d7; docs/inner-page-release-ledger-2026-10-03.md
2026-10-03,13,voice over recording room checklist,https://thechoicervoicer.me/voice-over-recording-room-checklist/,en,01,Intent And GeFei Alignment,Unique intent and canonical,Pass,5,docs/seo/post-live-gefei-review-2026-10-03.json; artifacts/production-qa-20261003.json
2026-10-03,13,voice over recording room checklist,https://thechoicervoicer.me/voice-over-recording-room-checklist/,en,02,Intent And GeFei Alignment,Resolved Web.Cafe KD; Ahrefs skipped,Pass,5,docs/seo/post-live-gefei-review-2026-10-03.json; artifacts/production-qa-20261003.json
2026-10-03,13,voice over recording room checklist,https://thechoicervoicer.me/voice-over-recording-room-checklist/,en,03,Intent And GeFei Alignment,"Guide promise, original steps and saved intent match",Pass,5,docs/seo/post-live-gefei-review-2026-10-03.json; artifacts/production-qa-20261003.json
2026-10-03,13,voice over recording room checklist,https://thechoicervoicer.me/voice-over-recording-room-checklist/,en,04,Intent And GeFei Alignment,Real checklist; limitations explicit,Pass,5,docs/seo/post-live-gefei-review-2026-10-03.json; artifacts/production-qa-20261003.json
2026-10-03,13,voice over recording room checklist,https://thechoicervoicer.me/voice-over-recording-room-checklist/,en,05,On-Page SEO,Unique concise title,Pass,5,artifacts/production-source-audit-20261003.json
2026-10-03,13,voice over recording room checklist,https://thechoicervoicer.me/voice-over-recording-room-checklist/,en,06,On-Page SEO,Unique description,Pass,5,artifacts/production-source-audit-20261003.json
2026-10-03,13,voice over recording room checklist,https://thechoicervoicer.me/voice-over-recording-room-checklist/,en,07,On-Page SEO,Single matching H1,Pass,5,artifacts/production-source-audit-20261003.json
2026-10-03,13,voice over recording room checklist,https://thechoicervoicer.me/voice-over-recording-room-checklist/,en,08,On-Page SEO,"Source-visible steps, example, review, limits and FAQ",Pass,5,artifacts/production-source-audit-20261003.json
2026-10-03,13,voice over recording room checklist,https://thechoicervoicer.me/voice-over-recording-room-checklist/,en,09,Technical Indexability,Production 200 and self canonical,Pass,5,artifacts/production-source-audit-20261003.json
2026-10-03,13,voice over recording room checklist,https://thechoicervoicer.me/voice-over-recording-room-checklist/,en,10,Technical Indexability,Index/follow and crawlable robots,Pass,5,artifacts/production-source-audit-20261003.json
2026-10-03,13,voice over recording room checklist,https://thechoicervoicer.me/voice-over-recording-room-checklist/,en,11,Technical Indexability,Sitemap entry; actual publication lastmod 2026-10-04,Pass,5,artifacts/production-source-audit-20261003.json
2026-10-03,13,voice over recording room checklist,https://thechoicervoicer.me/voice-over-recording-room-checklist/,en,12,Technical Indexability,"Locale, hreflang, OG, schema and directory URL agree",Pass,5,artifacts/production-source-audit-20261003.json
2026-10-03,13,voice over recording room checklist,https://thechoicervoicer.me/voice-over-recording-room-checklist/,en,13,Product And UX,Usable checklist and original guide,Pass,5,artifacts/production-qa-20261003.json; artifacts/playwright-20261003/; tests/e2e/practice.spec.ts
2026-10-03,13,voice over recording room checklist,https://thechoicervoicer.me/voice-over-recording-room-checklist/,en,14,Product And UX,"Malformed saved state, partial progress, all-six and reset verified",Pass,5,artifacts/production-qa-20261003.json; artifacts/playwright-20261003/; tests/e2e/practice.spec.ts
2026-10-03,13,voice over recording room checklist,https://thechoicervoicer.me/voice-over-recording-room-checklist/,en,15,Product And UX,Desktop/mobile: no overflow or first-party failure; image alt coverage,Pass,5,artifacts/production-qa-20261003.json; artifacts/playwright-20261003/; tests/e2e/practice.spec.ts
2026-10-03,13,voice over recording room checklist,https://thechoicervoicer.me/voice-over-recording-room-checklist/,en,16,Internal Links And Schema,Source-visible topic-hub inbound link; homepage links to hub,Pass,5,artifacts/production-source-audit-20261003.json
2026-10-03,13,voice over recording room checklist,https://thechoicervoicer.me/voice-over-recording-room-checklist/,en,17,Internal Links And Schema,"Parent, hub and relevant siblings return 200",Pass,5,artifacts/production-source-audit-20261003.json
2026-10-03,13,voice over recording room checklist,https://thechoicervoicer.me/voice-over-recording-room-checklist/,en,18,Internal Links And Schema,"Article, breadcrumb and FAQ match visible content",Pass,5,artifacts/production-source-audit-20261003.json
2026-10-03,13,voice over recording room checklist,https://thechoicervoicer.me/voice-over-recording-room-checklist/,en,19,Analytics And Trust,GA4 correct-ID transport; Realtime evidence pending shared FIFO,Not checked,0,artifacts/production-qa-20261003.json; thechoicervoicer-20261003-15-ga4-verify-v1 queued; no Realtime receipt
2026-10-03,13,voice over recording room checklist,https://thechoicervoicer.me/voice-over-recording-room-checklist/,en,20,Analytics And Trust,"Source, exact deployment commit, production QA and fixes recorded",Pass,5,source 06b17136f91fea1ffaeee948165c0c405de57a0f; Pages 7b941f4962cd4bddd1e1c6ea002e62ab97c3f6d7; docs/inner-page-release-ledger-2026-10-03.md
2026-10-03,13,voice over recording room checklist,https://thechoicervoicer.me/zh/voice-over-recording-room-checklist/,zh-Hans,01,Intent And GeFei Alignment,Unique intent and canonical,Pass,5,docs/seo/post-live-gefei-review-2026-10-03.json; artifacts/production-qa-20261003.json
2026-10-03,13,voice over recording room checklist,https://thechoicervoicer.me/zh/voice-over-recording-room-checklist/,zh-Hans,02,Intent And GeFei Alignment,Resolved Web.Cafe KD; Ahrefs skipped,Pass,5,docs/seo/post-live-gefei-review-2026-10-03.json; artifacts/production-qa-20261003.json
2026-10-03,13,voice over recording room checklist,https://thechoicervoicer.me/zh/voice-over-recording-room-checklist/,zh-Hans,03,Intent And GeFei Alignment,"Guide promise, original steps and saved intent match",Pass,5,docs/seo/post-live-gefei-review-2026-10-03.json; artifacts/production-qa-20261003.json
2026-10-03,13,voice over recording room checklist,https://thechoicervoicer.me/zh/voice-over-recording-room-checklist/,zh-Hans,04,Intent And GeFei Alignment,Real checklist; limitations explicit,Pass,5,docs/seo/post-live-gefei-review-2026-10-03.json; artifacts/production-qa-20261003.json
2026-10-03,13,voice over recording room checklist,https://thechoicervoicer.me/zh/voice-over-recording-room-checklist/,zh-Hans,05,On-Page SEO,Unique concise title,Pass,5,artifacts/production-source-audit-20261003.json
2026-10-03,13,voice over recording room checklist,https://thechoicervoicer.me/zh/voice-over-recording-room-checklist/,zh-Hans,06,On-Page SEO,Unique description,Pass,5,artifacts/production-source-audit-20261003.json
2026-10-03,13,voice over recording room checklist,https://thechoicervoicer.me/zh/voice-over-recording-room-checklist/,zh-Hans,07,On-Page SEO,Single matching H1,Pass,5,artifacts/production-source-audit-20261003.json
2026-10-03,13,voice over recording room checklist,https://thechoicervoicer.me/zh/voice-over-recording-room-checklist/,zh-Hans,08,On-Page SEO,"Source-visible steps, example, review, limits and FAQ",Pass,5,artifacts/production-source-audit-20261003.json
2026-10-03,13,voice over recording room checklist,https://thechoicervoicer.me/zh/voice-over-recording-room-checklist/,zh-Hans,09,Technical Indexability,Production 200 and self canonical,Pass,5,artifacts/production-source-audit-20261003.json
2026-10-03,13,voice over recording room checklist,https://thechoicervoicer.me/zh/voice-over-recording-room-checklist/,zh-Hans,10,Technical Indexability,Index/follow and crawlable robots,Pass,5,artifacts/production-source-audit-20261003.json
2026-10-03,13,voice over recording room checklist,https://thechoicervoicer.me/zh/voice-over-recording-room-checklist/,zh-Hans,11,Technical Indexability,Sitemap entry; actual publication lastmod 2026-10-04,Pass,5,artifacts/production-source-audit-20261003.json
2026-10-03,13,voice over recording room checklist,https://thechoicervoicer.me/zh/voice-over-recording-room-checklist/,zh-Hans,12,Technical Indexability,"Locale, hreflang, OG, schema and directory URL agree",Pass,5,artifacts/production-source-audit-20261003.json
2026-10-03,13,voice over recording room checklist,https://thechoicervoicer.me/zh/voice-over-recording-room-checklist/,zh-Hans,13,Product And UX,Usable checklist and original guide,Pass,5,artifacts/production-qa-20261003.json; artifacts/playwright-20261003/; tests/e2e/practice.spec.ts
2026-10-03,13,voice over recording room checklist,https://thechoicervoicer.me/zh/voice-over-recording-room-checklist/,zh-Hans,14,Product And UX,"Malformed saved state, partial progress, all-six and reset verified",Pass,5,artifacts/production-qa-20261003.json; artifacts/playwright-20261003/; tests/e2e/practice.spec.ts
2026-10-03,13,voice over recording room checklist,https://thechoicervoicer.me/zh/voice-over-recording-room-checklist/,zh-Hans,15,Product And UX,Desktop/mobile: no overflow or first-party failure; image alt coverage,Pass,5,artifacts/production-qa-20261003.json; artifacts/playwright-20261003/; tests/e2e/practice.spec.ts
2026-10-03,13,voice over recording room checklist,https://thechoicervoicer.me/zh/voice-over-recording-room-checklist/,zh-Hans,16,Internal Links And Schema,Source-visible topic-hub inbound link; homepage links to hub,Pass,5,artifacts/production-source-audit-20261003.json
2026-10-03,13,voice over recording room checklist,https://thechoicervoicer.me/zh/voice-over-recording-room-checklist/,zh-Hans,17,Internal Links And Schema,"Parent, hub and relevant siblings return 200",Pass,5,artifacts/production-source-audit-20261003.json
2026-10-03,13,voice over recording room checklist,https://thechoicervoicer.me/zh/voice-over-recording-room-checklist/,zh-Hans,18,Internal Links And Schema,"Article, breadcrumb and FAQ match visible content",Pass,5,artifacts/production-source-audit-20261003.json
2026-10-03,13,voice over recording room checklist,https://thechoicervoicer.me/zh/voice-over-recording-room-checklist/,zh-Hans,19,Analytics And Trust,GA4 correct-ID transport; Realtime evidence pending shared FIFO,Not checked,0,artifacts/production-qa-20261003.json; thechoicervoicer-20261003-15-ga4-verify-v1 queued; no Realtime receipt
2026-10-03,13,voice over recording room checklist,https://thechoicervoicer.me/zh/voice-over-recording-room-checklist/,zh-Hans,20,Analytics And Trust,"Source, exact deployment commit, production QA and fixes recorded",Pass,5,source 06b17136f91fea1ffaeee948165c0c405de57a0f; Pages 7b941f4962cd4bddd1e1c6ea002e62ab97c3f6d7; docs/inner-page-release-ledger-2026-10-03.md
2026-10-03,14,live event voice announcements,https://thechoicervoicer.me/live-event-voice-announcements/,en,01,Intent And GeFei Alignment,Unique intent and canonical,Pass,5,docs/seo/post-live-gefei-review-2026-10-03.json; artifacts/production-qa-20261003.json
2026-10-03,14,live event voice announcements,https://thechoicervoicer.me/live-event-voice-announcements/,en,02,Intent And GeFei Alignment,Resolved Web.Cafe KD; Ahrefs skipped,Pass,5,docs/seo/post-live-gefei-review-2026-10-03.json; artifacts/production-qa-20261003.json
2026-10-03,14,live event voice announcements,https://thechoicervoicer.me/live-event-voice-announcements/,en,03,Intent And GeFei Alignment,"Guide promise, original steps and saved intent match",Pass,5,docs/seo/post-live-gefei-review-2026-10-03.json; artifacts/production-qa-20261003.json
2026-10-03,14,live event voice announcements,https://thechoicervoicer.me/live-event-voice-announcements/,en,04,Intent And GeFei Alignment,Real checklist; limitations explicit,Pass,5,docs/seo/post-live-gefei-review-2026-10-03.json; artifacts/production-qa-20261003.json
2026-10-03,14,live event voice announcements,https://thechoicervoicer.me/live-event-voice-announcements/,en,05,On-Page SEO,Unique concise title,Pass,5,artifacts/production-source-audit-20261003.json
2026-10-03,14,live event voice announcements,https://thechoicervoicer.me/live-event-voice-announcements/,en,06,On-Page SEO,Unique description,Pass,5,artifacts/production-source-audit-20261003.json
2026-10-03,14,live event voice announcements,https://thechoicervoicer.me/live-event-voice-announcements/,en,07,On-Page SEO,Single matching H1,Pass,5,artifacts/production-source-audit-20261003.json
2026-10-03,14,live event voice announcements,https://thechoicervoicer.me/live-event-voice-announcements/,en,08,On-Page SEO,"Source-visible steps, example, review, limits and FAQ",Pass,5,artifacts/production-source-audit-20261003.json
2026-10-03,14,live event voice announcements,https://thechoicervoicer.me/live-event-voice-announcements/,en,09,Technical Indexability,Production 200 and self canonical,Pass,5,artifacts/production-source-audit-20261003.json
2026-10-03,14,live event voice announcements,https://thechoicervoicer.me/live-event-voice-announcements/,en,10,Technical Indexability,Index/follow and crawlable robots,Pass,5,artifacts/production-source-audit-20261003.json
2026-10-03,14,live event voice announcements,https://thechoicervoicer.me/live-event-voice-announcements/,en,11,Technical Indexability,Sitemap entry; actual publication lastmod 2026-10-04,Pass,5,artifacts/production-source-audit-20261003.json
2026-10-03,14,live event voice announcements,https://thechoicervoicer.me/live-event-voice-announcements/,en,12,Technical Indexability,"Locale, hreflang, OG, schema and directory URL agree",Pass,5,artifacts/production-source-audit-20261003.json
2026-10-03,14,live event voice announcements,https://thechoicervoicer.me/live-event-voice-announcements/,en,13,Product And UX,Usable checklist and original guide,Pass,5,artifacts/production-qa-20261003.json; artifacts/playwright-20261003/; tests/e2e/practice.spec.ts
2026-10-03,14,live event voice announcements,https://thechoicervoicer.me/live-event-voice-announcements/,en,14,Product And UX,"Malformed saved state, partial progress, all-six and reset verified",Pass,5,artifacts/production-qa-20261003.json; artifacts/playwright-20261003/; tests/e2e/practice.spec.ts
2026-10-03,14,live event voice announcements,https://thechoicervoicer.me/live-event-voice-announcements/,en,15,Product And UX,Desktop/mobile: no overflow or first-party failure; image alt coverage,Pass,5,artifacts/production-qa-20261003.json; artifacts/playwright-20261003/; tests/e2e/practice.spec.ts
2026-10-03,14,live event voice announcements,https://thechoicervoicer.me/live-event-voice-announcements/,en,16,Internal Links And Schema,Source-visible topic-hub inbound link; homepage links to hub,Pass,5,artifacts/production-source-audit-20261003.json
2026-10-03,14,live event voice announcements,https://thechoicervoicer.me/live-event-voice-announcements/,en,17,Internal Links And Schema,"Parent, hub and relevant siblings return 200",Pass,5,artifacts/production-source-audit-20261003.json
2026-10-03,14,live event voice announcements,https://thechoicervoicer.me/live-event-voice-announcements/,en,18,Internal Links And Schema,"Article, breadcrumb and FAQ match visible content",Pass,5,artifacts/production-source-audit-20261003.json
2026-10-03,14,live event voice announcements,https://thechoicervoicer.me/live-event-voice-announcements/,en,19,Analytics And Trust,GA4 correct-ID transport; Realtime evidence pending shared FIFO,Not checked,0,artifacts/production-qa-20261003.json; thechoicervoicer-20261003-15-ga4-verify-v1 queued; no Realtime receipt
2026-10-03,14,live event voice announcements,https://thechoicervoicer.me/live-event-voice-announcements/,en,20,Analytics And Trust,"Source, exact deployment commit, production QA and fixes recorded",Pass,5,source 06b17136f91fea1ffaeee948165c0c405de57a0f; Pages 7b941f4962cd4bddd1e1c6ea002e62ab97c3f6d7; docs/inner-page-release-ledger-2026-10-03.md
2026-10-03,14,live event voice announcements,https://thechoicervoicer.me/zh/live-event-voice-announcements/,zh-Hans,01,Intent And GeFei Alignment,Unique intent and canonical,Pass,5,docs/seo/post-live-gefei-review-2026-10-03.json; artifacts/production-qa-20261003.json
2026-10-03,14,live event voice announcements,https://thechoicervoicer.me/zh/live-event-voice-announcements/,zh-Hans,02,Intent And GeFei Alignment,Resolved Web.Cafe KD; Ahrefs skipped,Pass,5,docs/seo/post-live-gefei-review-2026-10-03.json; artifacts/production-qa-20261003.json
2026-10-03,14,live event voice announcements,https://thechoicervoicer.me/zh/live-event-voice-announcements/,zh-Hans,03,Intent And GeFei Alignment,"Guide promise, original steps and saved intent match",Pass,5,docs/seo/post-live-gefei-review-2026-10-03.json; artifacts/production-qa-20261003.json
2026-10-03,14,live event voice announcements,https://thechoicervoicer.me/zh/live-event-voice-announcements/,zh-Hans,04,Intent And GeFei Alignment,Real checklist; limitations explicit,Pass,5,docs/seo/post-live-gefei-review-2026-10-03.json; artifacts/production-qa-20261003.json
2026-10-03,14,live event voice announcements,https://thechoicervoicer.me/zh/live-event-voice-announcements/,zh-Hans,05,On-Page SEO,Unique concise title,Pass,5,artifacts/production-source-audit-20261003.json
2026-10-03,14,live event voice announcements,https://thechoicervoicer.me/zh/live-event-voice-announcements/,zh-Hans,06,On-Page SEO,Unique description,Pass,5,artifacts/production-source-audit-20261003.json
2026-10-03,14,live event voice announcements,https://thechoicervoicer.me/zh/live-event-voice-announcements/,zh-Hans,07,On-Page SEO,Single matching H1,Pass,5,artifacts/production-source-audit-20261003.json
2026-10-03,14,live event voice announcements,https://thechoicervoicer.me/zh/live-event-voice-announcements/,zh-Hans,08,On-Page SEO,"Source-visible steps, example, review, limits and FAQ",Pass,5,artifacts/production-source-audit-20261003.json
2026-10-03,14,live event voice announcements,https://thechoicervoicer.me/zh/live-event-voice-announcements/,zh-Hans,09,Technical Indexability,Production 200 and self canonical,Pass,5,artifacts/production-source-audit-20261003.json
2026-10-03,14,live event voice announcements,https://thechoicervoicer.me/zh/live-event-voice-announcements/,zh-Hans,10,Technical Indexability,Index/follow and crawlable robots,Pass,5,artifacts/production-source-audit-20261003.json
2026-10-03,14,live event voice announcements,https://thechoicervoicer.me/zh/live-event-voice-announcements/,zh-Hans,11,Technical Indexability,Sitemap entry; actual publication lastmod 2026-10-04,Pass,5,artifacts/production-source-audit-20261003.json
2026-10-03,14,live event voice announcements,https://thechoicervoicer.me/zh/live-event-voice-announcements/,zh-Hans,12,Technical Indexability,"Locale, hreflang, OG, schema and directory URL agree",Pass,5,artifacts/production-source-audit-20261003.json
2026-10-03,14,live event voice announcements,https://thechoicervoicer.me/zh/live-event-voice-announcements/,zh-Hans,13,Product And UX,Usable checklist and original guide,Pass,5,artifacts/production-qa-20261003.json; artifacts/playwright-20261003/; tests/e2e/practice.spec.ts
2026-10-03,14,live event voice announcements,https://thechoicervoicer.me/zh/live-event-voice-announcements/,zh-Hans,14,Product And UX,"Malformed saved state, partial progress, all-six and reset verified",Pass,5,artifacts/production-qa-20261003.json; artifacts/playwright-20261003/; tests/e2e/practice.spec.ts
2026-10-03,14,live event voice announcements,https://thechoicervoicer.me/zh/live-event-voice-announcements/,zh-Hans,15,Product And UX,Desktop/mobile: no overflow or first-party failure; image alt coverage,Pass,5,artifacts/production-qa-20261003.json; artifacts/playwright-20261003/; tests/e2e/practice.spec.ts
2026-10-03,14,live event voice announcements,https://thechoicervoicer.me/zh/live-event-voice-announcements/,zh-Hans,16,Internal Links And Schema,Source-visible topic-hub inbound link; homepage links to hub,Pass,5,artifacts/production-source-audit-20261003.json
2026-10-03,14,live event voice announcements,https://thechoicervoicer.me/zh/live-event-voice-announcements/,zh-Hans,17,Internal Links And Schema,"Parent, hub and relevant siblings return 200",Pass,5,artifacts/production-source-audit-20261003.json
2026-10-03,14,live event voice announcements,https://thechoicervoicer.me/zh/live-event-voice-announcements/,zh-Hans,18,Internal Links And Schema,"Article, breadcrumb and FAQ match visible content",Pass,5,artifacts/production-source-audit-20261003.json
2026-10-03,14,live event voice announcements,https://thechoicervoicer.me/zh/live-event-voice-announcements/,zh-Hans,19,Analytics And Trust,GA4 correct-ID transport; Realtime evidence pending shared FIFO,Not checked,0,artifacts/production-qa-20261003.json; thechoicervoicer-20261003-15-ga4-verify-v1 queued; no Realtime receipt
2026-10-03,14,live event voice announcements,https://thechoicervoicer.me/zh/live-event-voice-announcements/,zh-Hans,20,Analytics And Trust,"Source, exact deployment commit, production QA and fixes recorded",Pass,5,source 06b17136f91fea1ffaeee948165c0c405de57a0f; Pages 7b941f4962cd4bddd1e1c6ea002e62ab97c3f6d7; docs/inner-page-release-ledger-2026-10-03.md
2026-10-03,15,voice acting rehearsal schedule,https://thechoicervoicer.me/voice-acting-rehearsal-schedule/,en,01,Intent And GeFei Alignment,Unique intent and canonical,Pass,5,docs/seo/post-live-gefei-review-2026-10-03.json; artifacts/production-qa-20261003.json
2026-10-03,15,voice acting rehearsal schedule,https://thechoicervoicer.me/voice-acting-rehearsal-schedule/,en,02,Intent And GeFei Alignment,Resolved Web.Cafe KD; Ahrefs skipped,Pass,5,docs/seo/post-live-gefei-review-2026-10-03.json; artifacts/production-qa-20261003.json
2026-10-03,15,voice acting rehearsal schedule,https://thechoicervoicer.me/voice-acting-rehearsal-schedule/,en,03,Intent And GeFei Alignment,"Guide promise, original steps and saved intent match",Pass,5,docs/seo/post-live-gefei-review-2026-10-03.json; artifacts/production-qa-20261003.json
2026-10-03,15,voice acting rehearsal schedule,https://thechoicervoicer.me/voice-acting-rehearsal-schedule/,en,04,Intent And GeFei Alignment,Real checklist; limitations explicit,Pass,5,docs/seo/post-live-gefei-review-2026-10-03.json; artifacts/production-qa-20261003.json
2026-10-03,15,voice acting rehearsal schedule,https://thechoicervoicer.me/voice-acting-rehearsal-schedule/,en,05,On-Page SEO,Unique concise title,Pass,5,artifacts/production-source-audit-20261003.json
2026-10-03,15,voice acting rehearsal schedule,https://thechoicervoicer.me/voice-acting-rehearsal-schedule/,en,06,On-Page SEO,Unique description,Pass,5,artifacts/production-source-audit-20261003.json
2026-10-03,15,voice acting rehearsal schedule,https://thechoicervoicer.me/voice-acting-rehearsal-schedule/,en,07,On-Page SEO,Single matching H1,Pass,5,artifacts/production-source-audit-20261003.json
2026-10-03,15,voice acting rehearsal schedule,https://thechoicervoicer.me/voice-acting-rehearsal-schedule/,en,08,On-Page SEO,"Source-visible steps, example, review, limits and FAQ",Pass,5,artifacts/production-source-audit-20261003.json
2026-10-03,15,voice acting rehearsal schedule,https://thechoicervoicer.me/voice-acting-rehearsal-schedule/,en,09,Technical Indexability,Production 200 and self canonical,Pass,5,artifacts/production-source-audit-20261003.json
2026-10-03,15,voice acting rehearsal schedule,https://thechoicervoicer.me/voice-acting-rehearsal-schedule/,en,10,Technical Indexability,Index/follow and crawlable robots,Pass,5,artifacts/production-source-audit-20261003.json
2026-10-03,15,voice acting rehearsal schedule,https://thechoicervoicer.me/voice-acting-rehearsal-schedule/,en,11,Technical Indexability,Sitemap entry; actual publication lastmod 2026-10-04,Pass,5,artifacts/production-source-audit-20261003.json
2026-10-03,15,voice acting rehearsal schedule,https://thechoicervoicer.me/voice-acting-rehearsal-schedule/,en,12,Technical Indexability,"Locale, hreflang, OG, schema and directory URL agree",Pass,5,artifacts/production-source-audit-20261003.json
2026-10-03,15,voice acting rehearsal schedule,https://thechoicervoicer.me/voice-acting-rehearsal-schedule/,en,13,Product And UX,Usable checklist and original guide,Pass,5,artifacts/production-qa-20261003.json; artifacts/playwright-20261003/; tests/e2e/practice.spec.ts
2026-10-03,15,voice acting rehearsal schedule,https://thechoicervoicer.me/voice-acting-rehearsal-schedule/,en,14,Product And UX,"Malformed saved state, partial progress, all-six and reset verified",Pass,5,artifacts/production-qa-20261003.json; artifacts/playwright-20261003/; tests/e2e/practice.spec.ts
2026-10-03,15,voice acting rehearsal schedule,https://thechoicervoicer.me/voice-acting-rehearsal-schedule/,en,15,Product And UX,Desktop/mobile: no overflow or first-party failure; image alt coverage,Pass,5,artifacts/production-qa-20261003.json; artifacts/playwright-20261003/; tests/e2e/practice.spec.ts
2026-10-03,15,voice acting rehearsal schedule,https://thechoicervoicer.me/voice-acting-rehearsal-schedule/,en,16,Internal Links And Schema,Source-visible topic-hub inbound link; homepage links to hub,Pass,5,artifacts/production-source-audit-20261003.json
2026-10-03,15,voice acting rehearsal schedule,https://thechoicervoicer.me/voice-acting-rehearsal-schedule/,en,17,Internal Links And Schema,"Parent, hub and relevant siblings return 200",Pass,5,artifacts/production-source-audit-20261003.json
2026-10-03,15,voice acting rehearsal schedule,https://thechoicervoicer.me/voice-acting-rehearsal-schedule/,en,18,Internal Links And Schema,"Article, breadcrumb and FAQ match visible content",Pass,5,artifacts/production-source-audit-20261003.json
2026-10-03,15,voice acting rehearsal schedule,https://thechoicervoicer.me/voice-acting-rehearsal-schedule/,en,19,Analytics And Trust,GA4 correct-ID transport; Realtime evidence pending shared FIFO,Not checked,0,artifacts/production-qa-20261003.json; thechoicervoicer-20261003-15-ga4-verify-v1 queued; no Realtime receipt
2026-10-03,15,voice acting rehearsal schedule,https://thechoicervoicer.me/voice-acting-rehearsal-schedule/,en,20,Analytics And Trust,"Source, exact deployment commit, production QA and fixes recorded",Pass,5,source 06b17136f91fea1ffaeee948165c0c405de57a0f; Pages 7b941f4962cd4bddd1e1c6ea002e62ab97c3f6d7; docs/inner-page-release-ledger-2026-10-03.md
2026-10-03,15,voice acting rehearsal schedule,https://thechoicervoicer.me/zh/voice-acting-rehearsal-schedule/,zh-Hans,01,Intent And GeFei Alignment,Unique intent and canonical,Pass,5,docs/seo/post-live-gefei-review-2026-10-03.json; artifacts/production-qa-20261003.json
2026-10-03,15,voice acting rehearsal schedule,https://thechoicervoicer.me/zh/voice-acting-rehearsal-schedule/,zh-Hans,02,Intent And GeFei Alignment,Resolved Web.Cafe KD; Ahrefs skipped,Pass,5,docs/seo/post-live-gefei-review-2026-10-03.json; artifacts/production-qa-20261003.json
2026-10-03,15,voice acting rehearsal schedule,https://thechoicervoicer.me/zh/voice-acting-rehearsal-schedule/,zh-Hans,03,Intent And GeFei Alignment,"Guide promise, original steps and saved intent match",Pass,5,docs/seo/post-live-gefei-review-2026-10-03.json; artifacts/production-qa-20261003.json
2026-10-03,15,voice acting rehearsal schedule,https://thechoicervoicer.me/zh/voice-acting-rehearsal-schedule/,zh-Hans,04,Intent And GeFei Alignment,Real checklist; limitations explicit,Pass,5,docs/seo/post-live-gefei-review-2026-10-03.json; artifacts/production-qa-20261003.json
2026-10-03,15,voice acting rehearsal schedule,https://thechoicervoicer.me/zh/voice-acting-rehearsal-schedule/,zh-Hans,05,On-Page SEO,Unique concise title,Pass,5,artifacts/production-source-audit-20261003.json
2026-10-03,15,voice acting rehearsal schedule,https://thechoicervoicer.me/zh/voice-acting-rehearsal-schedule/,zh-Hans,06,On-Page SEO,Unique description,Pass,5,artifacts/production-source-audit-20261003.json
2026-10-03,15,voice acting rehearsal schedule,https://thechoicervoicer.me/zh/voice-acting-rehearsal-schedule/,zh-Hans,07,On-Page SEO,Single matching H1,Pass,5,artifacts/production-source-audit-20261003.json
2026-10-03,15,voice acting rehearsal schedule,https://thechoicervoicer.me/zh/voice-acting-rehearsal-schedule/,zh-Hans,08,On-Page SEO,"Source-visible steps, example, review, limits and FAQ",Pass,5,artifacts/production-source-audit-20261003.json
2026-10-03,15,voice acting rehearsal schedule,https://thechoicervoicer.me/zh/voice-acting-rehearsal-schedule/,zh-Hans,09,Technical Indexability,Production 200 and self canonical,Pass,5,artifacts/production-source-audit-20261003.json
2026-10-03,15,voice acting rehearsal schedule,https://thechoicervoicer.me/zh/voice-acting-rehearsal-schedule/,zh-Hans,10,Technical Indexability,Index/follow and crawlable robots,Pass,5,artifacts/production-source-audit-20261003.json
2026-10-03,15,voice acting rehearsal schedule,https://thechoicervoicer.me/zh/voice-acting-rehearsal-schedule/,zh-Hans,11,Technical Indexability,Sitemap entry; actual publication lastmod 2026-10-04,Pass,5,artifacts/production-source-audit-20261003.json
2026-10-03,15,voice acting rehearsal schedule,https://thechoicervoicer.me/zh/voice-acting-rehearsal-schedule/,zh-Hans,12,Technical Indexability,"Locale, hreflang, OG, schema and directory URL agree",Pass,5,artifacts/production-source-audit-20261003.json
2026-10-03,15,voice acting rehearsal schedule,https://thechoicervoicer.me/zh/voice-acting-rehearsal-schedule/,zh-Hans,13,Product And UX,Usable checklist and original guide,Pass,5,artifacts/production-qa-20261003.json; artifacts/playwright-20261003/; tests/e2e/practice.spec.ts
2026-10-03,15,voice acting rehearsal schedule,https://thechoicervoicer.me/zh/voice-acting-rehearsal-schedule/,zh-Hans,14,Product And UX,"Malformed saved state, partial progress, all-six and reset verified",Pass,5,artifacts/production-qa-20261003.json; artifacts/playwright-20261003/; tests/e2e/practice.spec.ts
2026-10-03,15,voice acting rehearsal schedule,https://thechoicervoicer.me/zh/voice-acting-rehearsal-schedule/,zh-Hans,15,Product And UX,Desktop/mobile: no overflow or first-party failure; image alt coverage,Pass,5,artifacts/production-qa-20261003.json; artifacts/playwright-20261003/; tests/e2e/practice.spec.ts
2026-10-03,15,voice acting rehearsal schedule,https://thechoicervoicer.me/zh/voice-acting-rehearsal-schedule/,zh-Hans,16,Internal Links And Schema,Source-visible topic-hub inbound link; homepage links to hub,Pass,5,artifacts/production-source-audit-20261003.json
2026-10-03,15,voice acting rehearsal schedule,https://thechoicervoicer.me/zh/voice-acting-rehearsal-schedule/,zh-Hans,17,Internal Links And Schema,"Parent, hub and relevant siblings return 200",Pass,5,artifacts/production-source-audit-20261003.json
2026-10-03,15,voice acting rehearsal schedule,https://thechoicervoicer.me/zh/voice-acting-rehearsal-schedule/,zh-Hans,18,Internal Links And Schema,"Article, breadcrumb and FAQ match visible content",Pass,5,artifacts/production-source-audit-20261003.json
2026-10-03,15,voice acting rehearsal schedule,https://thechoicervoicer.me/zh/voice-acting-rehearsal-schedule/,zh-Hans,19,Analytics And Trust,GA4 correct-ID transport; Realtime evidence pending shared FIFO,Not checked,0,artifacts/production-qa-20261003.json; thechoicervoicer-20261003-15-ga4-verify-v1 queued; no Realtime receipt
2026-10-03,15,voice acting rehearsal schedule,https://thechoicervoicer.me/zh/voice-acting-rehearsal-schedule/,zh-Hans,20,Analytics And Trust,"Source, exact deployment commit, production QA and fixes recorded",Pass,5,source 06b17136f91fea1ffaeee948165c0c405de57a0f; Pages 7b941f4962cd4bddd1e1c6ea002e62ab97c3f6d7; docs/inner-page-release-ledger-2026-10-03.md
